# AP's MAC (anonymized); channels; BSSIDs (anonymized); ESSIDs (anonymized); 802.11n; 802.11ac; 802.11ax; 802.11be; Manufacturers
1;2452|2457|2462|2462|5180;;;1;1;0;0;4;MICROSOFT CORP.|HUAWEI TECHNOLOGIES CO.,LTD|MICROSOFT CORP.
2;5180;;;1;1;0;0;5;
3;2462|2467;;;1;0;0;0;4;MICROSOFT CORP.|MICROSOFT CORP.
4;5220;;;1;1;1;0;6;
5;5180;;;1;1;0;0;5;
6;5745;;;1;1;0;0;5;
7;2412|2417;;;1;1;0;0;5;Samsung Electronics Co.,Ltd|Qualcomm Inc.|MICROSOFT CORP.
8;2452|2457|2462;;;1;0;0;0;4;MICROSOFT CORP.|MICROSOFT CORP.
9;2457|2462|2467;;;1;0;0;0;4;MediaTek Inc.|MICROSOFT CORP.|MediaTek Inc.
10;2457|2462|2467;;;1;0;0;0;4;MediaTek Inc.|MICROSOFT CORP.|MediaTek Inc.
11;5260;;;1;1;0;0;5;
12;5500;;;1;1;0;0;5;
13;5200;;;1;1;1;0;6;
14;5745;;;1;1;0;0;5;
15;2437|2452|2457|2462;;;1;1;0;0;5;MICROSOFT CORP.|MICROSOFT CORP.
16;5180;;;1;1;0;0;5;
17;2442|2447|2452;;;1;1;0;0;5;MICROSOFT CORP.|MICROSOFT CORP.
18;2412|2417|2417;;;1;0;0;0;4;MICROSOFT CORP.|Qualcomm Inc.|Atheros Communications, Inc.|MICROSOFT CORP.
19;5180|5180;;;1;1;0;0;5;Qualcomm Inc.|Atheros Communications, Inc.|MICROSOFT CORP.
20;5765;;;1;1;0;0;5;
21;5745;;;1;1;0;0;5;
22;2437;;;1;0;0;0;4;
23;5745;;;1;1;0;0;5;
24;2427|2432|2437;;;1;0;0;0;4;MICROSOFT CORP.|Broadcom|MICROSOFT CORP.
25;2437|2432|2442;;;1;0;0;0;4;MICROSOFT CORP.|MICROSOFT CORP.
26;5745|5745;;;1;1;0;0;5;MICROSOFT CORP.|MICROSOFT CORP.
27;2437|2432|2442;;;1;0;0;0;4;MICROSOFT CORP.|MICROSOFT CORP.
28;5500|5500;;;1;1;0;0;5;MICROSOFT CORP.|MICROSOFT CORP.
29;2437|2437|2432|2442;;;1;0;0;0;4;MICROSOFT CORP.|MICROSOFT CORP.
30;5805|5805;;;1;1;0;0;5;MICROSOFT CORP.|MICROSOFT CORP.
31;5805;;;1;1;1;0;6;
32;2417|2422|2427;;;1;1;0;0;5;MICROSOFT CORP.|Ralink Technology, Corp.|MICROSOFT CORP.
33;2437;;;1;0;0;0;4;
34;2457|2462;;;1;0;0;0;4;
35;5180;;;1;1;0;0;5;
36;5200;;;1;1;0;0;5;
37;5240;;;1;1;0;0;5;
38;2457|2462;;;1;0;0;0;4;REALTEK SEMICONDUCTOR CORP.|Epigram, Inc.|MICROSOFT CORP.|MICROSOFT CORP.
39;5220;;;1;1;1;0;6;
40;5220;;;1;1;1;0;6;
41;5220;;;1;1;0;0;5;
42;2412|2417|5500;;;1;1;0;0;4;MICROSOFT CORP.|Atheros Communications, Inc.|MICROSOFT CORP.
43;5745;;;1;1;0;0;5;
44;2457|2462|2467;;;1;1;0;0;5;MICROSOFT CORP.|Samsung Electronics Co.,Ltd|Qualcomm Inc.|MICROSOFT CORP.
45;5220;;;1;1;1;0;6;
46;2462|2457;;;1;0;0;0;4;MICROSOFT CORP.|Epigram, Inc.|MICROSOFT CORP.
47;2462;;;1;0;0;0;4;
48;5745;;;1;1;0;0;5;
49;2457;;;1;0;0;0;4;
50;2457|2462;;;1;0;0;0;4;MICROSOFT CORP.
51;2437;;;1;0;0;0;4;
52;2412;;;1;0;0;0;4;
53;5220;;;1;1;1;0;6;
54;2457|2462|2467;;;1;1;0;0;5;MICROSOFT CORP.|MICROSOFT CORP.
55;5745;;;1;1;0;0;5;
56;5220;;;1;1;1;0;6;
57;2432|2437|2442;;;1;0;0;0;4;MICROSOFT CORP.|Samsung Electronics Co.,Ltd|MICROSOFT CORP.
58;2437;;;1;1;0;0;5;
59;5540;;;1;1;0;0;5;
60;2412|2412|2417;;;1;0;0;0;4;MICROSOFT CORP.|MICROSOFT CORP.
61;5180|5180;;;1;1;0;0;5;MICROSOFT CORP.|MICROSOFT CORP.
62;5220;;;1;1;1;0;6;
63;2457;;;1;0;0;0;4;
64;2412|2417;;;1;1;0;0;5;MICROSOFT CORP.
65;5220;;;1;1;1;0;6;
66;5745;;;1;1;0;0;5;
67;5220;;;1;1;1;0;6;
68;2432|2437|2442;;;1;0;0;0;4;MICROSOFT CORP.|Samsung Electronics Co.,Ltd|MICROSOFT CORP.
69;2412|2417;;;1;0;0;0;4;Samsung Electronics Co.,Ltd|MICROSOFT CORP.
70;2412|2412|2417;;;1;0;0;0;4;MICROSOFT CORP.|MICROSOFT CORP.
71;5200|5200;;;1;1;0;0;5;MICROSOFT CORP.|MICROSOFT CORP.
72;2412|2412|2417;;;1;0;0;0;4;MICROSOFT CORP.|MICROSOFT CORP.
73;5500|5500;;;1;1;0;0;5;MICROSOFT CORP.|MICROSOFT CORP.
74;2437|2437;;;1;0;0;0;4;MICROSOFT CORP.|Aruba, a Hewlett Packard Enterprise Company|MICROSOFT CORP.
75;2437|2432;;;1;0;0;0;4;MICROSOFT CORP.|MICROSOFT CORP.
76;5520|5520;;;1;1;0;0;5;MICROSOFT CORP.|MICROSOFT CORP.
77;2437;;;1;0;0;0;4;
78;2412;;;1;0;0;0;4;
79;2412;;;1;0;0;0;4;
80;5220;;;1;1;1;0;6;
81;2462|2467;;;1;0;0;0;4;
82;2412|2417;;;1;0;1;0;6;MICROSOFT CORP.|MICROSOFT CORP.
83;5200|5300|5300;;;1;1;1;0;6;MICROSOFT CORP.|MICROSOFT CORP.
84;5300|5500|5500;;;1;1;1;0;6;MICROSOFT CORP.|MICROSOFT CORP.
85;2432|2437|2442;;;1;0;1;0;6;MICROSOFT CORP.|MICROSOFT CORP.
86;5600|5600;;;1;1;1;0;6;MICROSOFT CORP.|MICROSOFT CORP.
87;5260|5260;;;1;1;1;0;6;MICROSOFT CORP.|MICROSOFT CORP.
88;2457|2462|2467;;;1;0;1;0;6;MICROSOFT CORP.|MICROSOFT CORP.
89;5300|5805|5805;;;1;1;1;0;6;MICROSOFT CORP.|MICROSOFT CORP.
90;2442|2447|2452;;;1;0;0;0;4;MICROSOFT CORP.|MICROSOFT CORP.
91;5745;;;1;1;1;0;6;
92;2462;;;1;0;0;0;4;
93;2452|2457|2462;;;1;0;0;0;4;MICROSOFT CORP.|MICROSOFT CORP.
94;5220|5220;;;1;1;1;0;6;Qualcomm Inc.|MICROSOFT CORP.|Qualcomm Inc.
95;2462;;;1;0;1;0;6;
96;5300;;;1;1;1;0;6;
97;2437;;;1;1;0;0;5;
98;2412|2417;;;1;1;0;0;5;Samsung Electronics Co.,Ltd|Qualcomm Inc.|MICROSOFT CORP.
99;2432|2437|2442;;;1;0;0;0;4;MICROSOFT CORP.|Samsung Electronics Co.,Ltd|MICROSOFT CORP.
100;5220;;;1;1;1;0;6;
101;2462|2457|2467;;;1;0;0;0;4;MICROSOFT CORP.|MICROSOFT CORP.
102;5540|5540;;;1;1;0;0;5;MICROSOFT CORP.|MICROSOFT CORP.
103;2432|2437;;;1;0;1;0;6;Broadcom|Apple, Inc.|Apple, Inc.
104;5765;;;1;1;1;0;6;
105;2452|2457|2462;;;1;0;0;0;4;MICROSOFT CORP.|MICROSOFT CORP.
106;2442;;;1;0;0;0;4;
107;2432|2437|2442;;;1;0;0;0;4;Broadcom|Apple, Inc.|Apple, Inc.
108;2412|2412;;;1;0;1;0;6;Qualcomm Inc.|MICROSOFT CORP.
109;5180;;;1;1;0;0;5;
110;2412|5260;;;1;1;0;0;4;Broadcom|MICROSOFT CORP.
111;2437|2442;;;1;0;0;0;4;MICROSOFT CORP.
112;2462;;;1;0;0;0;4;
113;2462;;;1;0;0;0;4;
114;5220;;;1;1;1;0;6;
115;5220;;;1;1;1;0;6;
116;5180;;;1;1;0;0;5;
117;2452;;;1;1;1;0;6;
118;5220;;;1;1;1;0;6;
119;2412;;;1;1;1;0;6;
120;2412|2417|2422;;;1;0;0;0;4;MICROSOFT CORP.|MediaTek Inc.|Ralink Technology, Corp.|MICROSOFT CORP.
121;2462|2462;;;1;1;1;0;6;Cisco Systems, Inc|Cisco Meraki|MICROSOFT CORP.
122;5180|5180;;;1;1;1;0;6;Cisco Systems, Inc|Cisco Meraki|MICROSOFT CORP.
123;2412|2417;;;1;0;0;0;4;Epigram, Inc.|MICROSOFT CORP.|Routerboard.com
124;2432|2437|2442;;;1;1;0;0;5;MICROSOFT CORP.|MICROSOFT CORP.
125;5220;;;1;1;1;0;6;
126;2437;;;1;0;0;0;4;
127;5220;;;1;1;1;0;6;
128;2432|2437;;;1;0;0;0;4;MICROSOFT CORP.
129;2412|2412;;;1;0;1;0;6;MICROSOFT CORP.|MICROSOFT CORP.
130;5260|5260;;;1;1;1;0;6;MICROSOFT CORP.|MICROSOFT CORP.
131;2462|2457|2467;;;1;0;1;0;6;MICROSOFT CORP.|MICROSOFT CORP.
132;5680|5680;;;1;1;1;0;6;MICROSOFT CORP.|MICROSOFT CORP.
133;2437|2432|2442|2442;;;1;0;1;0;6;MICROSOFT CORP.|MICROSOFT CORP.
134;5825|5825;;;1;1;1;0;6;MICROSOFT CORP.|MICROSOFT CORP.
135;5220;;;1;1;1;0;6;
136;5220|5220;;;1;1;1;0;6;Broadcom|Epigram, Inc.|Apple, Inc.|Apple, Inc.
137;2452|2457|2462;;;1;0;0;0;4;MICROSOFT CORP.|MediaTek Inc.|Ralink Technology, Corp.|MICROSOFT CORP.
138;2462;;;1;0;0;0;4;
139;2437|2442;;;1;0;0;0;4;MICROSOFT CORP.|MICROSOFT CORP.
140;2462|2457;;;1;0;1;0;6;MICROSOFT CORP.|Qualcomm Inc.|MICROSOFT CORP.
141;5220|5220;;;1;1;1;0;6;MICROSOFT CORP.|Qualcomm Inc.|MICROSOFT CORP.
142;2437|2437;;;1;0;1;0;6;MICROSOFT CORP.|Aruba, a Hewlett Packard Enterprise Company|Qualcomm Inc.|MICROSOFT CORP.
143;5320|5320;;;1;1;1;0;6;MICROSOFT CORP.|Aruba, a Hewlett Packard Enterprise Company|Qualcomm Inc.|MICROSOFT CORP.
144;2462;;;1;0;0;0;4;
145;2412;;;1;0;0;0;4;
146;2437;;;1;0;0;0;4;
147;2412;;;1;1;0;0;5;
148;2412|2417|5540|5540;;;1;1;0;0;4;Epigram, Inc.|MICROSOFT CORP.|Broadcom|MICROSOFT CORP.
149;2462|2467|2467;;;1;0;0;0;4;Broadcom|MICROSOFT CORP.
150;2412|2417;;;1;0;0;0;4;MICROSOFT CORP.|Broadcom
151;2412|2417|2422;;;1;0;0;0;4;MICROSOFT CORP.|Atheros Communications, Inc.|MICROSOFT CORP.
152;2437|2437|2442;;;1;0;0;0;4;MICROSOFT CORP.|Qualcomm Inc.|Atheros Communications, Inc.|MICROSOFT CORP.
153;5180|5180;;;1;0;0;0;4;
154;2432|2437|2442;;;0;0;0;0;<4;
155;5220|5220;;;1;1;0;0;5;MICROSOFT CORP.|Cisco Systems, Inc|Cisco Meraki|Qualcomm Inc.|Atheros Communications, Inc.|MICROSOFT CORP.
156;5200|5200;;;1;1;0;0;5;MICROSOFT CORP.|Cisco Systems, Inc|Cisco Meraki|Qualcomm Inc.|Atheros Communications, Inc.|MICROSOFT CORP.
157;2437|2437;;;1;1;0;0;5;MICROSOFT CORP.|Cisco Systems, Inc|Cisco Meraki|Qualcomm Inc.|Atheros Communications, Inc.|MICROSOFT CORP.
158;2432|2437|2442|2442;;;1;1;1;0;6;MediaTek Inc.|Ralink Technology, Corp.|MICROSOFT CORP.|MICROSOFT CORP.
159;2437|2442;;;1;0;0;0;4;Apple, Inc.|Apple, Inc.|MICROSOFT CORP.
160;5220;;;1;0;0;0;4;
161;2462|2467|2472;;;1;0;0;0;4;
162;2437|2442;;;1;1;1;0;6;MediaTek Inc.|Ralink Technology, Corp.|MICROSOFT CORP.|MICROSOFT CORP.
163;2432|2437|2442;;;1;1;1;0;6;MediaTek Inc.|Ralink Technology, Corp.|MICROSOFT CORP.|MICROSOFT CORP.
164;2437|2442;;;1;1;1;0;6;MediaTek Inc.|Ralink Technology, Corp.|MICROSOFT CORP.|MICROSOFT CORP.
165;5240;;;1;1;1;0;6;
166;5240;;;1;1;1;0;6;
167;5240;;;1;1;1;0;6;
168;5240;;;1;1;1;0;6;
169;5240;;;1;1;1;0;6;
170;2412|2412;;;1;0;1;0;6;MICROSOFT CORP.|Cisco Systems, Inc|Cisco Systems, Inc
171;5180|5180;;;1;1;1;0;6;MICROSOFT CORP.|Cisco Systems, Inc|Cisco Systems, Inc
172;2437;;;1;0;1;0;6;
173;2412|2412|5700|5700;;;1;1;1;0;6;MICROSOFT CORP.|Cisco Systems, Inc|Cisco Systems, Inc
174;2462|2462|5260|5260;;;1;1;1;0;6;MICROSOFT CORP.|Cisco Systems, Inc|Cisco Systems, Inc
175;2437|2437;;;1;0;1;0;6;MICROSOFT CORP.|Cisco Systems, Inc|Cisco Systems, Inc
176;2462|2467;;;1;0;0;0;4;
177;2437;;;1;0;0;0;4;
178;5180|5180;;;1;1;0;0;5;MICROSOFT CORP.|Qualcomm Inc.|Atheros Communications, Inc.|MICROSOFT CORP.
179;2457|2462|2462|2467;;;1;0;0;0;4;MICROSOFT CORP.|Qualcomm Inc.|Atheros Communications, Inc.|MICROSOFT CORP.
180;5220|5220;;;1;1;0;0;5;MICROSOFT CORP.|Qualcomm Inc.|Atheros Communications, Inc.|MICROSOFT CORP.
181;2417|2422|2427;;;1;0;0;0;4;MICROSOFT CORP.|MICROSOFT CORP.
182;2432;;;1;0;0;0;4;
183;2457|2462|2467;;;1;0;0;0;4;MICROSOFT CORP.|MICROSOFT CORP.
184;5180;;;1;1;0;0;5;
185;2417|2422|2427|2432;;;1;0;0;0;4;MediaTek Inc.|Ralink Technology, Corp.|MICROSOFT CORP.|MICROSOFT CORP.
186;2422|2427|2432;;;1;0;0;0;4;MediaTek Inc.|Ralink Technology, Corp.|MICROSOFT CORP.|MICROSOFT CORP.
187;2417|2422|2427|5320;;;1;1;0;0;4;MARVELL SEMICONDUCTOR, INC.|Epigram, Inc.|MICROSOFT CORP.|MICROSOFT CORP.
188;2437;;;1;0;0;0;4;
189;2452;;;0;0;0;0;<4;
190;2437;;;1;0;0;0;4;
191;2412;;;1;0;0;0;4;
192;2452|5180|5180;;;1;1;0;0;5;HUAWEI TECHNOLOGIES CO.,LTD|MICROSOFT CORP.|MICROSOFT CORP.
193;2432|2437|2442;;;1;1;0;0;5;MICROSOFT CORP.|Qualcomm Inc.|MICROSOFT CORP.
194;2412|2412;;;1;1;0;0;5;Qualcomm Inc.|Atheros Communications, Inc.|MICROSOFT CORP.
195;2437|2437;;;1;1;0;0;5;MICROSOFT CORP.|Qualcomm Inc.|Atheros Communications, Inc.|MICROSOFT CORP.
196;2442|5540;;;1;1;0;0;4;MICROSOFT CORP.|Broadcom|Epigram, Inc.|MICROSOFT CORP.
197;2437|2432|2442;;;1;0;0;0;4;MICROSOFT CORP.|Atheros Communications, Inc.|MICROSOFT CORP.
198;2437;;;1;0;0;0;4;
199;5200|2457;;;1;1;0;0;5;MediaTek Inc.|Ralink Technology, Corp.|MICROSOFT CORP.|MICROSOFT CORP.
200;2452|2457|2462;;;1;0;0;0;4;MICROSOFT CORP.|MediaTek Inc.|Ralink Technology, Corp.|MICROSOFT CORP.
201;2437;;;1;0;0;0;4;
202;2462;;;1;1;0;0;5;
203;2427|2432|2437|5320;;;1;1;0;0;4;Ralink Technology, Corp.|MICROSOFT CORP.|MICROSOFT CORP.
204;2452|2457;;;1;0;0;0;4;MICROSOFT CORP.
205;2412|2417;;;1;0;0;0;4;Broadcom
206;2437|2442|2447;;;1;0;0;0;4;MICROSOFT CORP.|MICROSOFT CORP.
207;2457;;;1;0;0;0;4;
208;2412|2412;;;1;0;0;0;4;Cisco Systems, Inc|MICROSOFT CORP.|Cisco Systems, Inc
209;2457|2462|2467|5540|5540;;;1;1;0;0;4;Epigram, Inc.|MICROSOFT CORP.|Broadcom|MICROSOFT CORP.
210;2412|2417;;;1;0;0;0;4;MICROSOFT CORP.
211;2437;;;1;0;0;0;4;
212;2437|2442|2432|5500|5500;;;1;1;0;0;5;MICROSOFT CORP.|Qualcomm Inc.|Atheros Communications, Inc.|MICROSOFT CORP.
213;2422;;;1;0;0;0;4;
214;2427;;;1;0;0;0;4;
215;2457|2457|2462;;;1;0;0;0;4;HUAWEI TECHNOLOGIES CO.,LTD|MICROSOFT CORP.|MICROSOFT CORP.
216;5260|5260;;;1;1;0;0;5;Epigram, Inc.|MICROSOFT CORP.|Broadcom|Epigram, Inc.
217;2412|2417|5500|5500;;;1;1;0;0;4;Epigram, Inc.|MICROSOFT CORP.|Broadcom|MICROSOFT CORP.
218;5560|5560;;;1;1;0;0;5;Epigram, Inc.|MICROSOFT CORP.|Broadcom|Epigram, Inc.
219;2442|2447|2452|2452;;;1;0;0;0;4;MICROSOFT CORP.|HUAWEI TECHNOLOGIES CO.,LTD|MICROSOFT CORP.
220;5300;;;1;1;1;1;7;
221;2462|2467;;;1;0;0;0;4;MICROSOFT CORP.|MICROSOFT CORP.
222;2462|2462|2467|2457;;;1;0;0;0;4;MICROSOFT CORP.|Qualcomm Inc.|Atheros Communications, Inc.|MICROSOFT CORP.
223;5200|5200;;;1;1;0;0;5;MICROSOFT CORP.|Qualcomm Inc.|Atheros Communications, Inc.|MICROSOFT CORP.
224;2412;;;1;0;0;0;4;
225;5745;;;1;1;0;0;5;
226;2457|2462;;;1;0;0;0;4;MICROSOFT CORP.|Broadcom
227;2457|2462|2467|5520;;;1;1;0;0;5;MICROSOFT CORP.|Qualcomm Inc.|Atheros Communications, Inc.|MICROSOFT CORP.
228;2462|2462;;;1;1;0;0;5;MICROSOFT CORP.|Cisco Systems, Inc|Cisco Meraki|Qualcomm Inc.|Atheros Communications, Inc.|MICROSOFT CORP.
229;5260|5260;;;1;1;0;0;5;MICROSOFT CORP.|Cisco Systems, Inc|Cisco Meraki|Qualcomm Inc.|Atheros Communications, Inc.|MICROSOFT CORP.
230;5220|5220;;;1;1;1;0;6;MICROSOFT CORP.|Cisco Systems, Inc|Cisco Meraki|MICROSOFT CORP.
231;2412|2412;;;1;1;1;0;6;Cisco Systems, Inc|Cisco Meraki|MICROSOFT CORP.
232;2437|2437;;;1;1;1;0;6;Cisco Systems, Inc|Cisco Meraki|MICROSOFT CORP.
233;2437;;;1;0;0;0;4;
234;2432|2437|2442;;;1;0;1;0;6;Broadcom|Apple, Inc.|Apple, Inc.
235;2462|5700;;;1;1;0;0;4;Cisco Systems, Inc|MICROSOFT CORP.
236;2437;;;1;0;0;0;4;
237;2412|2417|2417;;;1;0;0;0;4;MICROSOFT CORP.|Qualcomm Inc.|Atheros Communications, Inc.|MICROSOFT CORP.
238;5785|5785;;;1;1;0;0;5;MICROSOFT CORP.|Qualcomm Inc.|Atheros Communications, Inc.|MICROSOFT CORP.
239;2467|2472|5200;;;1;1;0;0;5;MICROSOFT CORP.|MediaTek Inc.|Ralink Technology, Corp.|MICROSOFT CORP.
240;2457|2462|2467|5200;;;1;1;0;0;5;MICROSOFT CORP.|MediaTek Inc.|Ralink Technology, Corp.|MICROSOFT CORP.
241;2417|2422|2427|5240;;;1;1;0;0;5;MICROSOFT CORP.|MediaTek Inc.|Ralink Technology, Corp.|MICROSOFT CORP.
242;2412|2417|2422|2427|5240;;;1;1;0;0;5;MICROSOFT CORP.|MediaTek Inc.|Ralink Technology, Corp.|MICROSOFT CORP.
243;5180;;;1;1;0;0;5;
244;2467|2472|5180;;;1;1;0;0;5;MICROSOFT CORP.|MediaTek Inc.|Ralink Technology, Corp.|MICROSOFT CORP.
245;2412|2417|5180;;;1;1;0;0;5;MICROSOFT CORP.|MediaTek Inc.|Ralink Technology, Corp.|MICROSOFT CORP.
246;2457|2462|2467|5220;;;1;1;0;0;5;MICROSOFT CORP.|MediaTek Inc.|Ralink Technology, Corp.|MICROSOFT CORP.
247;2467|2472|5200;;;1;1;0;0;5;MICROSOFT CORP.|Ralink Technology, Corp.|MICROSOFT CORP.
248;2457|2462|5200;;;1;1;0;0;5;MICROSOFT CORP.|Ralink Technology, Corp.|MICROSOFT CORP.
249;2417|2422|2427|2432|5240;;;1;1;0;0;5;MICROSOFT CORP.|Ralink Technology, Corp.|MICROSOFT CORP.
250;2412|2417|2422|5240;;;1;1;0;0;5;MICROSOFT CORP.|Ralink Technology, Corp.|MICROSOFT CORP.
251;5180;;;1;1;0;0;5;
252;2467|2472|5180;;;1;1;0;0;5;MICROSOFT CORP.|Ralink Technology, Corp.|MICROSOFT CORP.
253;2412|2417|5180;;;1;1;0;0;5;MICROSOFT CORP.|Ralink Technology, Corp.|MICROSOFT CORP.
254;2457|2462|2467|5220;;;1;1;0;0;5;MICROSOFT CORP.|Ralink Technology, Corp.|MICROSOFT CORP.
255;2467|2472|5200;;;1;1;0;0;5;MICROSOFT CORP.|Ralink Technology, Corp.|MICROSOFT CORP.
256;2457|2462|2467|5200;;;1;1;0;0;5;MICROSOFT CORP.|Ralink Technology, Corp.|MICROSOFT CORP.
257;2417|2422|2427|2432|5240;;;1;1;0;0;5;MICROSOFT CORP.|Ralink Technology, Corp.|MICROSOFT CORP.
258;2412|2417|2422|2427|5240;;;1;1;0;0;5;MICROSOFT CORP.|Ralink Technology, Corp.|MICROSOFT CORP.
259;2437|5180;;;1;1;0;0;5;Ralink Technology, Corp.|MICROSOFT CORP.
260;2467|2472|5180;;;1;1;0;0;5;MICROSOFT CORP.|Ralink Technology, Corp.|MICROSOFT CORP.
261;2412|2417|5180;;;1;1;0;0;5;MICROSOFT CORP.|Ralink Technology, Corp.|MICROSOFT CORP.
262;2462|2467|5220;;;1;1;0;0;5;MICROSOFT CORP.|Ralink Technology, Corp.|MICROSOFT CORP.
263;5180|5180;;;1;1;0;0;5;Cisco Systems, Inc|MICROSOFT CORP.|Cisco Meraki|Qualcomm Inc.|Atheros Communications, Inc.|MICROSOFT CORP.
264;2462|2462;;;1;1;0;0;5;Cisco Systems, Inc|MICROSOFT CORP.|Cisco Meraki|Qualcomm Inc.|Atheros Communications, Inc.|MICROSOFT CORP.
265;2437|2437;;;1;1;1;0;6;MICROSOFT CORP.|Cisco Systems, Inc|Cisco Meraki|MICROSOFT CORP.
266;2412|2412;;;1;1;1;0;6;MICROSOFT CORP.|Cisco Systems, Inc|Cisco Meraki|MICROSOFT CORP.
267;5300|5300;;;1;1;1;0;6;MICROSOFT CORP.|Cisco Systems, Inc|Cisco Meraki|MICROSOFT CORP.
268;5540|5540;;;1;1;1;0;6;MICROSOFT CORP.|Cisco Systems, Inc|Cisco Meraki|MICROSOFT CORP.
269;2457|2462|2467|5500;;;1;1;1;0;6;Qualcomm Inc.|HUAWEI TECHNOLOGIES CO.,LTD|MICROSOFT CORP.|Qualcomm Inc.
270;2462|2467;;;0;0;0;0;<4;Sonos, Inc.
271;5220|5220;;;1;1;0;0;5;Cisco Systems, Inc|Cisco Meraki|Qualcomm Inc.|Atheros Communications, Inc.|MICROSOFT CORP.
272;2457;;;1;0;0;0;4;
273;5500;;;1;1;1;0;6;
274;2437|5560;;;1;1;1;0;6;Broadcom|Epigram, Inc.|MICROSOFT CORP.
275;2462|2457|2467;;;1;0;0;0;4;MICROSOFT CORP.|Qualcomm Inc.|Atheros Communications, Inc.|MICROSOFT CORP.
276;2462|2462;;;1;0;0;0;4;MICROSOFT CORP.|Qualcomm Inc.|Atheros Communications, Inc.|MICROSOFT CORP.
277;2462|2457;;;1;0;0;0;4;MICROSOFT CORP.|Atheros Communications, Inc.|MICROSOFT CORP.
278;2437|2437|2442;;;1;0;0;0;4;MICROSOFT CORP.|Qualcomm Inc.|Atheros Communications, Inc.|MICROSOFT CORP.
279;2462|2457|2467;;;1;0;0;0;4;MICROSOFT CORP.|Qualcomm Inc.|Atheros Communications, Inc.|MICROSOFT CORP.
280;5240|5240;;;1;1;0;0;5;MICROSOFT CORP.|Qualcomm Inc.|Atheros Communications, Inc.|MICROSOFT CORP.
281;5240|5240;;;1;1;0;0;5;MICROSOFT CORP.|Qualcomm Inc.|Atheros Communications, Inc.|MICROSOFT CORP.
282;2432|2437|2442|5300;;;1;1;1;0;6;MICROSOFT CORP.|Broadcom|Epigram, Inc.|MICROSOFT CORP.
283;2462|2462|2467;;;1;0;0;0;4;MICROSOFT CORP.|Atheros Communications, Inc.|MICROSOFT CORP.
284;2437|5540;;;1;1;0;0;5;Qualcomm Inc.|MICROSOFT CORP.|Qualcomm Inc.
285;2432|2437|2442|5300;;;1;1;1;0;6;Epigram, Inc.|Broadcom|Epigram, Inc.
286;5540|5540;;;1;1;0;0;5;Qualcomm Inc.|MICROSOFT CORP.|Qualcomm Inc.
287;2462|2457|2467;;;1;1;1;0;6;Cisco Systems, Inc|Cisco Meraki|MICROSOFT CORP.|MICROSOFT CORP.
288;2412|2412|2417;;;1;1;1;0;6;Cisco Systems, Inc|Cisco Meraki|MICROSOFT CORP.|MICROSOFT CORP.
289;5540|5540;;;1;1;1;0;6;Cisco Systems, Inc|Cisco Meraki|MICROSOFT CORP.|MICROSOFT CORP.
290;5260|5260;;;1;1;1;0;6;Cisco Systems, Inc|Cisco Meraki|MICROSOFT CORP.|MICROSOFT CORP.
291;2432;;;1;0;0;0;4;
292;5240;;;1;1;0;0;5;
293;5240;;;1;1;0;0;5;
294;2437|2437;;;1;0;0;0;4;MICROSOFT CORP.|Qualcomm Inc.|Atheros Communications, Inc.|MICROSOFT CORP.
295;2437;;;1;0;0;0;4;
296;5540;;;1;1;0;0;5;
297;2412|2412;;;1;0;0;0;4;Aruba, a Hewlett Packard Enterprise Company|Aruba, a Hewlett Packard Enterprise Company
298;5640|5640;;;1;1;0;0;5;Aruba, a Hewlett Packard Enterprise Company|Aruba, a Hewlett Packard Enterprise Company
299;2462|2457|2457|2467;;;1;0;0;0;4;Aruba, a Hewlett Packard Enterprise Company|Aruba, a Hewlett Packard Enterprise Company
300;5580|5580;;;1;1;0;0;5;Aruba, a Hewlett Packard Enterprise Company|Aruba, a Hewlett Packard Enterprise Company
301;2457|2462|2467|2467;;;1;0;0;0;4;Aruba, a Hewlett Packard Enterprise Company|Aruba, a Hewlett Packard Enterprise Company
302;5280|5280;;;1;1;0;0;5;Aruba, a Hewlett Packard Enterprise Company|Aruba, a Hewlett Packard Enterprise Company
303;2462|2462;;;1;0;0;0;4;Aruba, a Hewlett Packard Enterprise Company
304;5500|5500;;;1;1;0;0;5;Aruba, a Hewlett Packard Enterprise Company|Aruba, a Hewlett Packard Enterprise Company
305;2412;;;1;0;0;0;4;
306;2412;;;1;0;0;0;4;
307;2457|2462|2467;;;1;1;1;0;6;MICROSOFT CORP.|Qualcomm Inc.|MICROSOFT CORP.
308;2462;;;1;0;1;0;6;
309;5520|2437;;;1;1;0;0;5;MICROSOFT CORP.|Broadcom|Epigram, Inc.|Broadcom
310;2457|2462|2467|5540|5540;;;1;1;0;0;4;Epigram, Inc.|MICROSOFT CORP.|Broadcom|MICROSOFT CORP.
311;2462|2462;;;1;0;0;0;4;Broadcom
312;2412|2417|5500|5500;;;1;1;0;0;4;Epigram, Inc.|MICROSOFT CORP.|Broadcom|MICROSOFT CORP.
313;2457|2462|2467|5540|5540;;;1;1;0;0;4;Epigram, Inc.|MICROSOFT CORP.|Broadcom|MICROSOFT CORP.
314;2412|5500|5500;;;1;1;0;0;4;MICROSOFT CORP.|Broadcom|Epigram, Inc.|MICROSOFT CORP.
315;2437;;;1;0;0;0;4;
316;2462;;;1;0;0;0;4;
317;2462;;;1;0;0;0;4;
318;2462;;;1;0;0;0;4;
319;2447;;;1;0;0;0;4;
320;2412|2417|2422;;;1;0;0;0;4;MICROSOFT CORP.|Atheros Communications, Inc.|MICROSOFT CORP.
321;5240|5240;;;1;1;0;0;5;MICROSOFT CORP.|MICROSOFT CORP.
322;5660;;;1;1;0;0;5;
323;2412|5260;;;1;1;0;0;4;Wi-Fi Alliance|MICROSOFT CORP.
324;5320;;;1;1;0;0;5;
325;5260;;;1;1;0;0;5;
326;5680;;;1;1;0;0;5;
327;5260;;;1;1;0;0;5;
328;2437|5540;;;1;1;0;0;4;Wi-Fi Alliance|MICROSOFT CORP.
329;2437|5660;;;1;1;0;0;4;Wi-Fi Alliance|MICROSOFT CORP.
330;2437|5260;;;1;1;0;0;4;Wi-Fi Alliance|MICROSOFT CORP.
331;2437|5660;;;1;1;0;0;4;Wi-Fi Alliance|MICROSOFT CORP.
332;2437|5660;;;1;1;0;0;4;Wi-Fi Alliance|MICROSOFT CORP.
333;5260;;;1;1;0;0;5;
334;5540;;;1;1;0;0;5;
335;5240|5240;;;1;0;0;0;4;
336;2472|2472|5260|5260;;;1;1;0;0;4;Cisco Systems, Inc|MICROSOFT CORP.|MICROSOFT CORP.
337;2452|2452|5660|5660;;;1;1;0;0;4;Cisco Systems, Inc|MICROSOFT CORP.|MICROSOFT CORP.
338;5300|5300;;;1;1;0;0;5;Cisco Systems, Inc|MICROSOFT CORP.
339;5540|5540;;;1;1;1;0;6;Qualcomm Inc.|MICROSOFT CORP.|Qualcomm Inc.
340;2412|2427|2432|2437;;;1;0;0;0;4;Broadcom|Broadcom
341;2437;;;1;0;0;0;4;
342;5180;;;1;0;0;0;4;
343;2412|2417;;;1;0;0;0;4;MICROSOFT CORP.
344;5600;;;1;0;0;0;4;
345;2412;;;1;0;0;0;4;
346;5220;;;1;1;0;0;5;
347;5220;;;1;1;1;0;6;
348;2437;;;1;0;0;0;4;
349;2437|2437|2432;;;1;0;0;0;4;MICROSOFT CORP.|Qualcomm Inc.|Atheros Communications, Inc.|MICROSOFT CORP.
350;5180|5180;;;1;1;0;0;5;MICROSOFT CORP.|Qualcomm Inc.|Atheros Communications, Inc.|MICROSOFT CORP.
351;2462|2462;;;1;0;0;0;4;MICROSOFT CORP.|Qualcomm Inc.|Atheros Communications, Inc.|MICROSOFT CORP.
352;2462|2462|2457|2467;;;1;0;0;0;4;Qualcomm Inc.|Atheros Communications, Inc.|MICROSOFT CORP.|MICROSOFT CORP.
353;5200|5200;;;1;1;0;0;5;Qualcomm Inc.|Atheros Communications, Inc.|MICROSOFT CORP.|MICROSOFT CORP.
354;2437|2442;;;1;0;0;0;4;Broadcom|Apple, Inc.|Apple, Inc.
355;2412|2412;;;1;0;1;0;6;MICROSOFT CORP.|Aruba, a Hewlett Packard Enterprise Company
356;5280|5280;;;1;1;1;0;4;MICROSOFT CORP.|Aruba, a Hewlett Packard Enterprise Company
357;2462|2462;;;1;0;1;0;6;MICROSOFT CORP.|Aruba, a Hewlett Packard Enterprise Company
358;5540|5540;;;1;1;1;0;4;MICROSOFT CORP.|Aruba, a Hewlett Packard Enterprise Company
359;2437|2437;;;1;0;1;0;6;MICROSOFT CORP.|Aruba, a Hewlett Packard Enterprise Company
360;5680|5680;;;1;1;1;0;4;MICROSOFT CORP.|Aruba, a Hewlett Packard Enterprise Company
361;2437|2437;;;1;0;1;0;6;MICROSOFT CORP.|Aruba, a Hewlett Packard Enterprise Company
362;5700|5700;;;1;1;1;0;4;MICROSOFT CORP.|Aruba, a Hewlett Packard Enterprise Company
363;2462|2462;;;1;0;1;0;6;MICROSOFT CORP.|Aruba, a Hewlett Packard Enterprise Company
364;5260|5260;;;1;1;1;0;4;MICROSOFT CORP.|Aruba, a Hewlett Packard Enterprise Company
365;2412|2412;;;1;0;1;0;6;MICROSOFT CORP.|Aruba, a Hewlett Packard Enterprise Company
366;5300|5300;;;1;1;1;0;4;MICROSOFT CORP.|Aruba, a Hewlett Packard Enterprise Company
367;2472;;;1;0;0;0;4;
368;5660;;;1;1;0;0;5;
369;5260;;;1;1;0;0;5;
370;5500|5500;;;1;1;1;0;6;Cisco Systems, Inc|Cisco Systems, Inc
371;2462|2462;;;1;0;1;0;6;MICROSOFT CORP.|Cisco Systems, Inc|Cisco Systems, Inc
372;2412|2412;;;1;0;1;0;6;MICROSOFT CORP.|Cisco Systems, Inc|Cisco Systems, Inc
373;5240;;;1;1;0;0;5;
374;5220;;;1;1;1;0;6;
375;5240|5240;;;1;1;1;0;6;Ubiquiti Networks Inc.|Qualcomm Inc.|Ubiquiti Networks Inc.
376;2412|2417;;;1;0;0;0;4;MediaTek Inc.|Ralink Technology, Corp.|MICROSOFT CORP.|MICROSOFT CORP.
377;2462;;;1;1;0;0;5;
378;2437;;;1;1;0;0;5;
379;2412;;;1;0;0;0;4;
380;2417|2422|2422|5220|5220;;;1;1;0;0;4;HUAWEI TECHNOLOGIES CO.,LTD|Broadcom|MICROSOFT CORP.|HUAWEI TECHNOLOGIES CO.,LTD
381;5500;;;1;1;0;0;5;
382;5220;;;1;1;1;0;6;
383;5540|5540;;;1;1;1;1;7;Qualcomm Inc.|HUAWEI TECHNOLOGIES CO.,LTD|MICROSOFT CORP.|Qualcomm Inc.
384;2427|5200;;;1;1;0;0;5;Ralink Technology, Corp.|MICROSOFT CORP.|MICROSOFT CORP.
385;5220;;;1;1;1;0;6;
386;5240;;;1;1;0;0;5;
387;2427|2432;;;1;1;0;0;5;Ralink Technology, Corp.|MICROSOFT CORP.|MICROSOFT CORP.
388;5200;;;1;1;0;0;5;
389;2437|2437;;;1;0;1;0;6;MICROSOFT CORP.|MICROSOFT CORP.
390;5180|5180;;;1;1;1;0;4;MICROSOFT CORP.|MICROSOFT CORP.
391;5200|5200;;;1;1;1;0;4;MICROSOFT CORP.|MICROSOFT CORP.
392;2437|2437;;;1;0;1;0;6;MICROSOFT CORP.|Aruba, a Hewlett Packard Enterprise Company
393;5500|5500;;;1;1;1;0;4;MICROSOFT CORP.|Aruba, a Hewlett Packard Enterprise Company|MICROSOFT CORP.
394;2462|2462;;;1;0;1;0;6;MICROSOFT CORP.|Aruba, a Hewlett Packard Enterprise Company
395;5520|5520;;;1;1;1;0;4;MICROSOFT CORP.|Aruba, a Hewlett Packard Enterprise Company|MICROSOFT CORP.
396;2462|2462;;;1;0;1;0;6;MICROSOFT CORP.|MICROSOFT CORP.
397;5220|5220;;;1;1;1;0;6;MICROSOFT CORP.|MICROSOFT CORP.
398;5620;;;1;1;1;0;6;
399;5300;;;1;1;1;0;6;
400;2412|2412;;;1;0;1;0;6;MICROSOFT CORP.|MICROSOFT CORP.
401;5600|5600;;;1;1;1;0;4;MICROSOFT CORP.|Aruba, a Hewlett Packard Enterprise Company|MICROSOFT CORP.
402;2437|2437;;;1;0;1;0;6;MICROSOFT CORP.|Aruba, a Hewlett Packard Enterprise Company
403;5700|5700;;;1;1;1;0;4;MICROSOFT CORP.|Aruba, a Hewlett Packard Enterprise Company|MICROSOFT CORP.
404;2462|2462;;;1;0;1;0;6;MICROSOFT CORP.|MICROSOFT CORP.
405;5660|5660;;;1;1;1;0;4;MICROSOFT CORP.|Aruba, a Hewlett Packard Enterprise Company|MICROSOFT CORP.
406;2452|2457|2462|2467|2472;;;1;0;0;0;4;MICROSOFT CORP.|MICROSOFT CORP.
407;2437|2442;;;1;0;0;0;4;MICROSOFT CORP.
408;2432|2437|2442;;;1;1;0;0;5;MICROSOFT CORP.|Samsung Electronics Co.,Ltd|Qualcomm Inc.|MICROSOFT CORP.
409;2452|2457|2462;;;1;0;0;0;4;MICROSOFT CORP.|MICROSOFT CORP.
410;2447;;;1;0;0;0;4;
411;2422|2422;;;1;0;0;0;4;HUAWEI TECHNOLOGIES CO.,LTD|MICROSOFT CORP.|MICROSOFT CORP.
412;2437;;;1;0;0;0;4;
413;2437;;;0;0;0;0;<4;
414;5220;;;1;1;1;0;6;
415;2437;;;0;0;0;0;<4;
416;2437|2442;;;0;0;0;0;<4;MICROSOFT CORP.
417;2432|2437|2442;;;0;0;0;0;<4;MICROSOFT CORP.|MICROSOFT CORP.
418;5600;;;1;1;1;0;6;
419;2412|2417;;;0;0;0;0;<4;MICROSOFT CORP.
420;5700;;;1;1;1;0;6;
421;2437|2442;;;0;0;0;0;<4;MICROSOFT CORP.
422;5560;;;1;1;1;0;6;
423;5540;;;1;1;1;1;7;
424;5540;;;1;1;0;0;5;
425;2412|2417|5220;;;1;1;0;0;4;HUAWEI TECHNOLOGIES CO.,LTD|Broadcom|MICROSOFT CORP.|HUAWEI TECHNOLOGIES CO.,LTD
426;2437;;;1;1;0;0;5;
427;2437;;;1;1;0;0;5;
428;2437;;;1;1;1;0;6;
429;2437;;;1;1;1;0;6;
430;2432|2437|2442;;;1;1;1;0;6;MICROSOFT CORP.|MediaTek Inc.|Ralink Technology, Corp.|MICROSOFT CORP.
431;5500;;;1;1;0;0;5;
432;5500;;;1;1;0;0;5;
433;5500;;;1;1;1;0;6;
434;5500;;;1;1;1;0;6;
435;5500;;;1;1;1;0;6;
436;5260|5260;;;1;1;0;0;5;Cisco Systems, Inc|MICROSOFT CORP.
437;2432|2437|2442;;;1;1;0;0;5;MICROSOFT CORP.|MICROSOFT CORP.
438;2447|2452|2457|2462;;;1;0;0;0;4;REALTEK SEMICONDUCTOR CORP.|Epigram, Inc.|MICROSOFT CORP.|MICROSOFT CORP.
439;5180;;;1;1;0;0;5;
440;5180|5180;;;1;1;1;0;6;Cisco Systems, Inc|Cisco Meraki|MICROSOFT CORP.
441;2412|2417;;;1;0;0;0;4;MICROSOFT CORP.|MediaTek Inc.|MICROSOFT CORP.
442;5280|5640;;;1;1;0;0;5;MediaTek Inc.|Ralink Technology, Corp.|MICROSOFT CORP.|MICROSOFT CORP.
443;2457;;;1;0;0;0;4;
444;2457;;;1;0;0;0;4;
445;2467|2472;;;1;0;0;0;4;Broadcom
446;5240|5240;;;1;1;0;0;5;MICROSOFT CORP.|Cisco Systems, Inc|Cisco Meraki|Qualcomm Inc.|Atheros Communications, Inc.|MICROSOFT CORP.
447;5660|5660;;;1;1;0;0;5;MICROSOFT CORP.|Cisco Systems, Inc|Cisco Meraki|Qualcomm Inc.|Atheros Communications, Inc.|MICROSOFT CORP.
448;2412|2412;;;1;1;0;0;5;MICROSOFT CORP.|Cisco Systems, Inc|Cisco Meraki|Qualcomm Inc.|Atheros Communications, Inc.|MICROSOFT CORP.
449;2437|2442|2447;;;1;0;0;0;4;MICROSOFT CORP.|MICROSOFT CORP.
450;2457|2462|5200;;;1;1;1;0;6;MICROSOFT CORP.|Ralink Technology, Corp.|MICROSOFT CORP.
451;2457|2462|2467;;;1;0;0;0;4;MICROSOFT CORP.|MICROSOFT CORP.
452;5220;;;1;1;1;0;6;
453;2437;;;1;0;0;0;4;
454;2442|2447|2452|2452;;;1;0;0;0;4;MICROSOFT CORP.|HUAWEI TECHNOLOGIES CO.,LTD|MICROSOFT CORP.
455;5200|5200;;;1;1;0;0;5;MediaTek Inc.|Ralink Technology, Corp.|MICROSOFT CORP.
456;5500;;;1;1;0;0;5;
457;5500|5500;;;1;1;0;0;5;Epigram, Inc.|MICROSOFT CORP.|Broadcom|Epigram, Inc.
458;2432|2437|2442;;;1;0;0;0;4;MICROSOFT CORP.|Samsung Electronics Co.,Ltd|MICROSOFT CORP.
459;2417;;;1;0;0;0;4;
460;5620|5620;;;1;1;1;0;6;MICROSOFT CORP.|MICROSOFT CORP.
461;5280;;;1;1;1;0;6;
462;5640|5640;;;1;1;1;0;6;MICROSOFT CORP.|MICROSOFT CORP.
463;2437;;;1;1;0;0;5;
464;5745;;;1;1;0;0;5;
465;5220;;;1;1;1;0;6;
466;5580;;;1;1;1;1;7;
467;2447|2452|2457|5200;;;1;1;0;0;4;MICROSOFT CORP.|MICROSOFT CORP.
468;2457|2462|2467|5745;;;1;1;1;0;4;MediaTek Inc.|MICROSOFT CORP.|Ralink Technology, Corp.|MICROSOFT CORP.
469;2432|2437|2442|5805;;;1;1;1;0;4;MediaTek Inc.|MICROSOFT CORP.|Ralink Technology, Corp.|MICROSOFT CORP.
470;2412;;;0;0;0;0;<4;
471;2412|2417;;;0;0;0;0;<4;
472;2412;;;0;0;0;0;<4;
473;2457|2462|2467|5745;;;1;1;1;0;4;MediaTek Inc.|MICROSOFT CORP.|Ralink Technology, Corp.|MICROSOFT CORP.
474;2432|2437|5805;;;1;1;1;0;4;MediaTek Inc.|MICROSOFT CORP.|Ralink Technology, Corp.|MICROSOFT CORP.
475;2457|2462|2467|5745;;;1;1;1;0;4;MediaTek Inc.|MICROSOFT CORP.|Ralink Technology, Corp.|MICROSOFT CORP.
476;2437|2442|5805;;;1;1;1;0;4;MediaTek Inc.|MICROSOFT CORP.|Ralink Technology, Corp.|MICROSOFT CORP.
477;2462|2467|5745;;;1;1;1;0;4;MediaTek Inc.|MICROSOFT CORP.|Ralink Technology, Corp.|MICROSOFT CORP.
478;2437|2442|5805;;;1;1;1;0;4;MediaTek Inc.|MICROSOFT CORP.|Ralink Technology, Corp.|MICROSOFT CORP.
479;5640;;;1;1;0;0;5;
480;2412|2417;;;1;0;0;0;4;Broadcom
481;5805;;;1;1;1;0;6;
482;2432|2437|2442;;;1;0;0;0;4;MICROSOFT CORP.|Qualcomm Inc.|Atheros Communications, Inc.|MICROSOFT CORP.
483;5180|5180;;;1;1;0;0;5;Qualcomm Inc.|Atheros Communications, Inc.|MICROSOFT CORP.
484;5240;;;1;1;1;0;6;
485;5240;;;1;1;1;0;6;
486;5700;;;1;1;0;0;5;
487;5580|5580;;;1;1;0;0;5;MICROSOFT CORP.|MICROSOFT CORP.
488;5640|5640;;;1;1;0;0;5;MICROSOFT CORP.|MICROSOFT CORP.
489;5180|5180;;;1;1;0;0;5;MICROSOFT CORP.|MICROSOFT CORP.
490;2462;;;1;1;0;0;5;
491;5220;;;1;1;0;0;5;
492;2457|2462;;;1;1;0;0;5;Atheros Communications, Inc.|MICROSOFT CORP.
493;5220;;;1;1;0;0;5;
494;2437;;;1;0;0;0;4;
495;2457|2462|2467;;;1;0;0;0;4;MICROSOFT CORP.|MICROSOFT CORP.
496;5200;;;1;1;1;0;6;
497;2462|5620|5620;;;1;1;1;0;6;MICROSOFT CORP.|Qualcomm Inc.|Atheros Communications, Inc.|Fortinet Inc.|MICROSOFT CORP.
498;5660|5660;;;1;1;1;0;6;Qualcomm Inc.|Atheros Communications, Inc.|Fortinet Inc.|MICROSOFT CORP.
499;5700|5700;;;1;1;1;0;6;Qualcomm Inc.|Atheros Communications, Inc.|Fortinet Inc.|MICROSOFT CORP.
500;2412|2412|5620|5620;;;1;1;1;0;6;MICROSOFT CORP.|Qualcomm Inc.|Atheros Communications, Inc.|Fortinet Inc.|MICROSOFT CORP.
501;2462|5580|5580;;;1;1;1;0;6;MICROSOFT CORP.|Qualcomm Inc.|Atheros Communications, Inc.|Fortinet Inc.|MICROSOFT CORP.
502;2412|2412|5320|5320;;;1;1;1;0;6;MICROSOFT CORP.|Qualcomm Inc.|Atheros Communications, Inc.|Fortinet Inc.|MICROSOFT CORP.
503;5700|5700;;;1;1;1;0;6;Qualcomm Inc.|Atheros Communications, Inc.|Fortinet Inc.|MICROSOFT CORP.
504;5180;;;1;1;0;0;5;
505;2412;;;1;1;0;0;5;
506;5500|5500;;;1;1;0;0;5;Aruba, a Hewlett Packard Enterprise Company|Aruba, a Hewlett Packard Enterprise Company
507;2472|2472|5260|5260;;;1;1;1;0;6;Cisco Systems, Inc|Cisco Systems, Inc
508;5660|5660;;;1;1;1;0;6;Cisco Systems, Inc|Cisco Systems, Inc
509;5180;;;1;1;0;0;5;
510;2417|2422|2422;;;1;0;0;0;4;MICROSOFT CORP.|MICROSOFT CORP.
511;5180|5180;;;1;1;0;0;5;MICROSOFT CORP.
512;5540|5540;;;1;1;1;0;6;MICROSOFT CORP.|Cisco Systems, Inc|Cisco Meraki|MICROSOFT CORP.
513;5540|5540;;;1;1;1;0;6;MICROSOFT CORP.|Cisco Systems, Inc|Cisco Meraki|MICROSOFT CORP.
514;5180|5180;;;1;1;1;0;6;MICROSOFT CORP.|Cisco Systems, Inc|Cisco Meraki|MICROSOFT CORP.
515;5240|5240;;;1;1;1;0;6;MICROSOFT CORP.|Cisco Systems, Inc|Cisco Meraki|MICROSOFT CORP.
516;5540|5540;;;1;1;1;0;6;Cisco Systems, Inc|Cisco Meraki|MICROSOFT CORP.|MICROSOFT CORP.
517;5180|5180;;;1;1;1;0;6;Cisco Systems, Inc|Cisco Meraki|MICROSOFT CORP.|MICROSOFT CORP.
518;2462|2462;;;1;1;1;0;6;MICROSOFT CORP.|Cisco Systems, Inc|Cisco Meraki|MICROSOFT CORP.
519;2412|2412;;;1;1;1;0;6;MICROSOFT CORP.|Cisco Systems, Inc|Cisco Meraki|MICROSOFT CORP.
520;2437|2437;;;1;1;1;0;6;MICROSOFT CORP.|Cisco Systems, Inc|Cisco Meraki|MICROSOFT CORP.
521;2412|2412;;;1;1;1;0;6;MICROSOFT CORP.|Cisco Systems, Inc|Cisco Meraki|MICROSOFT CORP.
522;2437|2437;;;1;1;1;0;6;Cisco Systems, Inc|Cisco Meraki|MICROSOFT CORP.|MICROSOFT CORP.
523;2412;;;1;1;1;0;6;
524;5260;;;1;1;1;0;6;
525;5260;;;1;1;1;0;6;
526;5260;;;1;1;1;0;6;
527;5260;;;1;1;1;0;6;
528;5260;;;1;1;1;0;6;
529;2452|2457|2462|2467;;;1;1;0;0;5;MICROSOFT CORP.|Qualcomm Inc.|MICROSOFT CORP.
530;2462|2467;;;1;0;1;0;6;MediaTek Inc.|Ralink Technology, Corp.|MICROSOFT CORP.
531;2437|2437;;;1;0;0;0;4;MICROSOFT CORP.|MICROSOFT CORP.
532;5580|5580;;;1;1;0;0;5;MICROSOFT CORP.|Aruba, a Hewlett Packard Enterprise Company|MICROSOFT CORP.
533;2412|2412;;;1;0;0;0;4;MICROSOFT CORP.|MICROSOFT CORP.
534;5220|5220;;;1;1;0;0;5;MICROSOFT CORP.|MICROSOFT CORP.
535;2462|2462;;;1;0;0;0;4;MICROSOFT CORP.|MICROSOFT CORP.
536;5500|5500;;;1;1;0;0;5;MICROSOFT CORP.|Aruba, a Hewlett Packard Enterprise Company|MICROSOFT CORP.
537;2437|2437;;;1;0;0;0;4;MICROSOFT CORP.|MICROSOFT CORP.
538;5540|5540;;;1;1;0;0;5;MICROSOFT CORP.|Aruba, a Hewlett Packard Enterprise Company|MICROSOFT CORP.
539;2412|2412;;;1;0;0;0;4;MICROSOFT CORP.|MICROSOFT CORP.
540;5520|5520;;;1;1;0;0;5;MICROSOFT CORP.|Aruba, a Hewlett Packard Enterprise Company|MICROSOFT CORP.
541;2437|2437;;;1;0;0;0;4;MICROSOFT CORP.|MICROSOFT CORP.
542;5320|5320;;;1;1;0;0;5;MICROSOFT CORP.|Aruba, a Hewlett Packard Enterprise Company|MICROSOFT CORP.
543;2412|2412;;;1;0;0;0;4;MICROSOFT CORP.|MICROSOFT CORP.
544;5700|5700;;;1;1;0;0;5;MICROSOFT CORP.|Aruba, a Hewlett Packard Enterprise Company|MICROSOFT CORP.
545;2462|2462;;;1;0;0;0;4;MICROSOFT CORP.|MICROSOFT CORP.
546;5640|5640;;;1;1;0;0;5;MICROSOFT CORP.|Aruba, a Hewlett Packard Enterprise Company|MICROSOFT CORP.
547;5500;;;1;1;1;0;6;
548;2462;;;1;0;1;0;6;
549;2462|2462;;;1;0;1;0;6;MICROSOFT CORP.|MICROSOFT CORP.
550;5600|5600;;;1;1;1;0;4;MICROSOFT CORP.|Aruba, a Hewlett Packard Enterprise Company|MICROSOFT CORP.
551;2412|2412;;;1;0;1;0;6;MICROSOFT CORP.|Aruba, a Hewlett Packard Enterprise Company
552;5200|5200;;;1;1;1;0;4;MICROSOFT CORP.|Aruba, a Hewlett Packard Enterprise Company|MICROSOFT CORP.
553;5660|5660;;;1;1;1;0;4;MICROSOFT CORP.|Aruba, a Hewlett Packard Enterprise Company|MICROSOFT CORP.
554;2417;;;1;1;1;0;6;
555;2437|2437;;;1;0;1;0;6;MICROSOFT CORP.|Cisco Systems, Inc|Cisco Systems, Inc
556;2462|2462;;;1;0;1;0;6;Cisco Systems, Inc|Cisco Meraki|MICROSOFT CORP.
557;5540;;;1;1;0;0;5;
558;2437;;;1;1;0;0;5;
559;2437;;;1;0;1;0;6;
560;5200;;;1;0;0;0;4;
561;2437|2442|5180;;;1;1;0;0;4;
562;5540|5540;;;1;1;0;0;5;Qualcomm Inc.|MICROSOFT CORP.|Qualcomm Inc.
563;5220|5540;;;1;1;0;0;5;Qualcomm Inc.|MICROSOFT CORP.|Qualcomm Inc.
564;5180|2417;;;1;1;0;0;5;MICROSOFT CORP.|TP-LINK TECHNOLOGIES CO.,LTD.|Atheros Communications, Inc.|MICROSOFT CORP.
565;5540|5540;;;1;1;0;0;5;Qualcomm Inc.|MICROSOFT CORP.|Qualcomm Inc.
566;5805;;;1;1;1;0;6;
567;5200;;;1;1;1;0;6;
568;5200;;;1;1;1;0;6;
569;2412;;;1;1;0;0;5;
570;2462;;;1;0;0;0;4;
571;5220|5220;;;1;1;0;0;5;Qualcomm Inc.|Atheros Communications, Inc.|MICROSOFT CORP.
572;5180;;;1;1;0;0;5;
573;2412;;;1;0;0;0;4;
574;2432|2437|2442;;;1;0;0;0;4;Broadcom|Apple, Inc.|Apple, Inc.
575;2412;;;1;0;0;0;4;
576;2417;;;1;0;0;0;4;
577;2422|2427|2432|2437|5500;;;1;1;1;0;6;Qualcomm Inc.|HUAWEI TECHNOLOGIES CO.,LTD|MICROSOFT CORP.|Qualcomm Inc.
578;2437;;;1;1;0;0;5;
579;2417|2422|5240;;;1;1;0;0;4;Qualcomm Inc.|MICROSOFT CORP.|Atheros Communications, Inc.|MICROSOFT CORP.
580;2437|2442;;;1;1;0;0;5;Samsung Electronics Co.,Ltd|Qualcomm Inc.|MICROSOFT CORP.
581;2462|2462;;;1;1;0;0;5;MICROSOFT CORP.|Cisco Systems, Inc|Cisco Meraki|Qualcomm Inc.|Atheros Communications, Inc.|MICROSOFT CORP.
582;5180|5180;;;1;1;0;0;5;MICROSOFT CORP.|Cisco Systems, Inc|Cisco Meraki|Qualcomm Inc.|Atheros Communications, Inc.|MICROSOFT CORP.
583;2412|2417|5500|5500;;;1;1;0;0;4;Epigram, Inc.|MICROSOFT CORP.|Broadcom|MICROSOFT CORP.
584;5580|5580;;;1;1;1;0;6;Epigram, Inc.|MICROSOFT CORP.|Broadcom|Epigram, Inc.
585;5260|5260;;;1;1;0;0;5;MICROSOFT CORP.|Broadcom|Epigram, Inc.
586;2412|5180;;;1;1;1;0;4;MICROSOFT CORP.|MediaTek Inc.|Ralink Technology, Corp.|MICROSOFT CORP.
587;5600|5600;;;1;1;1;0;6;MICROSOFT CORP.|MICROSOFT CORP.
588;2412|2417|5180;;;1;1;1;0;4;MediaTek Inc.|MICROSOFT CORP.|Ralink Technology, Corp.|MICROSOFT CORP.
589;5240;;;1;1;1;0;6;
590;2412|5180;;;1;1;1;0;4;MediaTek Inc.|Ralink Technology, Corp.|MICROSOFT CORP.
591;5180;;;1;1;1;0;6;
592;5240;;;1;1;1;0;6;
593;5240;;;1;1;1;0;6;
594;2442|2447|2452|5500;;;1;1;0;0;4;MICROSOFT CORP.|Broadcom|ASUSTek COMPUTER INC.|MICROSOFT CORP.
595;2417;;;1;0;0;0;4;
596;2442;;;1;0;0;0;4;
597;2432|2437;;;1;0;1;0;6;Broadcom|Apple, Inc.|Apple, Inc.
598;5500;;;1;1;1;0;6;
599;5500;;;1;1;1;0;6;
600;5260;;;1;1;1;0;6;
601;2462|2462;;;1;1;1;0;6;MICROSOFT CORP.|Cisco Systems, Inc|Cisco Meraki|MICROSOFT CORP.
602;2412|2412;;;1;1;1;0;6;MICROSOFT CORP.|Cisco Systems, Inc|Cisco Meraki|MICROSOFT CORP.
603;5280|5280;;;1;1;1;0;6;MICROSOFT CORP.|Cisco Systems, Inc|Cisco Meraki|MICROSOFT CORP.
604;5240|5240;;;1;1;1;0;6;MICROSOFT CORP.|Cisco Systems, Inc|Cisco Meraki|MICROSOFT CORP.
605;5680|5680;;;1;1;1;0;6;MICROSOFT CORP.|Cisco Systems, Inc|Cisco Meraki|MICROSOFT CORP.
606;5300|5300;;;1;1;1;0;6;MICROSOFT CORP.|Cisco Systems, Inc|Cisco Meraki|MICROSOFT CORP.
607;5580|5580;;;1;1;1;0;6;MICROSOFT CORP.|Cisco Systems, Inc|Cisco Meraki|MICROSOFT CORP.
608;5320|5320;;;1;1;1;0;6;MICROSOFT CORP.|Cisco Systems, Inc|Cisco Meraki|MICROSOFT CORP.
609;2437;;;1;1;0;0;5;
610;5500|5500;;;1;1;1;0;6;MICROSOFT CORP.|Broadcom|Epigram, Inc.
611;5500|5500;;;1;1;1;0;6;MICROSOFT CORP.|Broadcom|Epigram, Inc.
612;5260|5260;;;1;1;1;0;6;MICROSOFT CORP.|Broadcom|Epigram, Inc.
613;5520|5520;;;1;1;0;0;5;Cisco Systems, Inc|MICROSOFT CORP.|Cisco Meraki|Qualcomm Inc.|Atheros Communications, Inc.|MICROSOFT CORP.
614;2457|2462|2462|2467;;;1;1;0;0;5;MICROSOFT CORP.|Cisco Systems, Inc|Cisco Meraki|Qualcomm Inc.|Atheros Communications, Inc.|MICROSOFT CORP.
615;2412|2412|5180|5180;;;1;1;0;0;4;MICROSOFT CORP.|Data Innovations North America|Qualcomm Inc.|Atheros Communications, Inc.|MICROSOFT CORP.
616;2452;;;1;0;0;0;4;
617;5180|5180;;;1;1;0;0;5;MICROSOFT CORP.|Cisco Systems, Inc|Cisco Meraki|Qualcomm Inc.|Atheros Communications, Inc.|MICROSOFT CORP.
618;5200;;;1;1;0;0;5;
619;5220|5220;;;1;1;0;0;5;Cisco Systems, Inc|Cisco Meraki|Qualcomm Inc.|Atheros Communications, Inc.|MICROSOFT CORP.
620;5580|5580;;;1;1;0;0;5;MICROSOFT CORP.|Cisco Systems, Inc|Cisco Meraki|Qualcomm Inc.|Atheros Communications, Inc.|MICROSOFT CORP.
621;5200|5240;;;1;1;0;0;5;Cisco Meraki|Qualcomm Inc.|Atheros Communications, Inc.|MICROSOFT CORP.
622;5220|5220;;;1;1;0;0;5;Cisco Systems, Inc|Cisco Meraki|Qualcomm Inc.|Atheros Communications, Inc.|MICROSOFT CORP.|MICROSOFT CORP.
623;2412|2412;;;1;1;0;0;5;Cisco Systems, Inc|Cisco Meraki|Qualcomm Inc.|Atheros Communications, Inc.|MICROSOFT CORP.
624;2462|2462;;;1;1;0;0;5;MICROSOFT CORP.|Cisco Systems, Inc|Cisco Meraki|Qualcomm Inc.|Atheros Communications, Inc.|MICROSOFT CORP.
625;2412|2412;;;1;1;0;0;5;MICROSOFT CORP.|Fortinet Inc.|MICROSOFT CORP.
626;5240|5240;;;1;1;0;0;5;MICROSOFT CORP.|Fortinet Inc.|MICROSOFT CORP.
627;2412|2412;;;1;1;0;0;5;MICROSOFT CORP.|Fortinet Inc.|MICROSOFT CORP.
628;5220|5220;;;1;1;0;0;5;MICROSOFT CORP.|Fortinet Inc.|MICROSOFT CORP.
629;2422|2427|2432|2437|2442;;;1;0;0;0;4;Epigram, Inc.|MICROSOFT CORP.|MICROSOFT CORP.
630;2462|2462;;;1;0;1;0;6;Cisco Systems, Inc|Cisco Meraki|MICROSOFT CORP.
631;2412;;;1;0;0;0;4;
632;5500;;;1;1;0;0;5;
633;5240|5240;;;1;1;0;0;5;MICROSOFT CORP.|Cisco Systems, Inc|Cisco Meraki|Qualcomm Inc.|Atheros Communications, Inc.|MICROSOFT CORP.
634;5180|5180;;;1;1;0;0;5;MICROSOFT CORP.|Cisco Systems, Inc|Cisco Meraki|Atheros Communications, Inc.|MICROSOFT CORP.
635;2462|2462;;;1;0;1;0;6;MICROSOFT CORP.|Cisco Systems, Inc|Cisco Systems, Inc
636;2462;;;0;0;0;0;<4;
637;2462;;;1;1;0;0;5;
638;5220;;;1;1;1;0;6;
639;5220|5220;;;1;1;0;0;5;MICROSOFT CORP.|Cisco Meraki|Qualcomm Inc.|Atheros Communications, Inc.|MICROSOFT CORP.
640;2437|2437;;;1;0;1;0;6;Cisco Systems, Inc|Cisco Systems, Inc
641;2412|2412;;;1;0;0;0;4;Aruba, a Hewlett Packard Enterprise Company|Aruba, a Hewlett Packard Enterprise Company
642;5260|5260;;;1;1;0;0;5;Aruba, a Hewlett Packard Enterprise Company|Aruba, a Hewlett Packard Enterprise Company
643;2457|2462|2467|2467;;;1;0;0;0;4;Aruba, a Hewlett Packard Enterprise Company|Aruba, a Hewlett Packard Enterprise Company
644;5620|5620;;;1;1;0;0;5;Aruba, a Hewlett Packard Enterprise Company|Aruba, a Hewlett Packard Enterprise Company
645;5220|5220;;;1;1;0;0;5;Aruba, a Hewlett Packard Enterprise Company|Aruba, a Hewlett Packard Enterprise Company
646;2457|2462|2462|2467;;;1;0;0;0;4;MICROSOFT CORP.|Qualcomm Inc.|Atheros Communications, Inc.|MICROSOFT CORP.
647;5220|5220;;;1;1;0;0;5;MICROSOFT CORP.|Qualcomm Inc.|Atheros Communications, Inc.|MICROSOFT CORP.
648;5580;;;1;1;0;0;5;
649;5580;;;1;1;0;0;5;
650;5580;;;1;1;1;0;6;
651;5580;;;1;1;1;0;6;
652;5580;;;1;1;1;0;6;
653;2412|2412;;;1;1;0;0;5;Cisco Meraki|Qualcomm Inc.|Atheros Communications, Inc.|MICROSOFT CORP.
654;2412|2417;;;1;1;0;0;5;Qualcomm Inc.|MICROSOFT CORP.
655;2462;;;1;0;0;0;4;
656;5580|5580;;;1;1;0;0;5;MICROSOFT CORP.|MICROSOFT CORP.
657;2462|2462;;;1;0;0;0;4;MICROSOFT CORP.|Broadcom
658;5580|5580;;;1;1;0;0;5;Epigram, Inc.|MICROSOFT CORP.|Broadcom|Epigram, Inc.
659;2462|5180;;;1;1;1;0;6;Qualcomm Inc.|HUAWEI TECHNOLOGIES CO.,LTD|MICROSOFT CORP.|Qualcomm Inc.
660;2437;;;1;0;1;0;6;
661;5540;;;1;1;1;1;7;
662;2417;;;1;0;0;0;4;
663;5745;;;1;0;0;0;4;
664;2462|5180;;;1;1;1;0;6;Wi-Fi Alliance|MICROSOFT CORP.|MICROSOFT CORP.
665;2412;;;1;0;0;0;4;
666;2437;;;1;0;0;0;4;
667;2457|2462|2467;;;1;0;0;0;4;Broadcom|MICROSOFT CORP.|Broadcom
668;5520;;;1;1;0;0;5;
669;5745;;;1;1;0;0;5;
670;2452|2457|2462;;;1;1;0;0;5;MICROSOFT CORP.|Samsung Electronics Co.,Ltd|Qualcomm Inc.|MICROSOFT CORP.
671;2462;;;0;0;0;0;<4;
672;2462|2462|2467|2457;;;1;0;0;0;4;MICROSOFT CORP.|MICROSOFT CORP.
673;2412|2412;;;1;0;0;0;<4;MICROSOFT CORP.|MICROSOFT CORP.
674;5280;;;1;0;0;0;4;
675;2462|2457|2467;;;1;0;0;0;4;MICROSOFT CORP.|MICROSOFT CORP.
676;5240|5240;;;1;0;0;0;4;MICROSOFT CORP.|MICROSOFT CORP.
677;2462|2462;;;1;0;0;0;<4;MICROSOFT CORP.|MICROSOFT CORP.
678;2462|2467|2467;;;1;0;0;0;<4;MICROSOFT CORP.|MICROSOFT CORP.
679;5620|5620;;;1;0;0;0;4;MICROSOFT CORP.|MICROSOFT CORP.
680;2412;;;1;1;1;0;6;
681;2412|2412;;;1;0;0;0;4;Broadcom|MICROSOFT CORP.|FUJIAN STAR-NET COMMUNICATION CO.,LTD|Broadcom
682;2447|2452|5200|5200;;;1;1;0;0;5;MediaTek Inc.|Ralink Technology, Corp.|MICROSOFT CORP.|MICROSOFT CORP.
683;2447|2452;;;1;1;0;0;5;MediaTek Inc.|Ralink Technology, Corp.|MICROSOFT CORP.|MICROSOFT CORP.
684;2432|2437|2442;;;1;0;0;0;4;MICROSOFT CORP.|MICROSOFT CORP.
685;5805;;;1;1;1;0;6;
686;5220;;;1;1;1;0;6;
687;5805|5805;;;1;1;0;0;5;Epigram, Inc.|MICROSOFT CORP.|FUJIAN STAR-NET COMMUNICATION CO.,LTD|Broadcom|Epigram, Inc.
688;5200|2457|2462|2467;;;1;1;0;0;5;MediaTek Inc.|Ralink Technology, Corp.|MICROSOFT CORP.|MICROSOFT CORP.
689;2457|2462|2467;;;1;0;0;0;4;MICROSOFT CORP.|MediaTek Inc.|Ralink Technology, Corp.|MICROSOFT CORP.
690;2412|2412;;;1;0;0;0;4;Broadcom|MICROSOFT CORP.|FUJIAN STAR-NET COMMUNICATION CO.,LTD|Broadcom
691;5200|5200;;;1;1;0;0;5;Epigram, Inc.|MICROSOFT CORP.|FUJIAN STAR-NET COMMUNICATION CO.,LTD|Broadcom|Epigram, Inc.
692;5745|5745;;;1;1;0;0;5;Epigram, Inc.|MICROSOFT CORP.|FUJIAN STAR-NET COMMUNICATION CO.,LTD|Broadcom|Epigram, Inc.
693;5745;;;1;1;0;0;5;
694;2412|2417|5260|5260;;;1;1;0;0;4;MICROSOFT CORP.|Broadcom|Epigram, Inc.|Broadcom
695;5200|5200;;;1;1;0;0;5;Epigram, Inc.|MICROSOFT CORP.|FUJIAN STAR-NET COMMUNICATION CO.,LTD|Broadcom|Epigram, Inc.
696;2462;;;1;1;1;0;6;
697;2412;;;1;0;0;0;4;
698;2412|2412;;;1;0;0;0;4;Qualcomm Inc.|Atheros Communications, Inc.|MICROSOFT CORP.
699;5785;;;1;1;1;0;6;
700;2412|5500;;;1;1;1;0;6;Qualcomm Inc.|HUAWEI TECHNOLOGIES CO.,LTD|MICROSOFT CORP.|Qualcomm Inc.
701;2422|2432|2437|2442|2452;;;1;0;0;0;4;MICROSOFT CORP.|Broadcom|MICROSOFT CORP.
702;2412|2412;;;1;0;0;0;4;Broadcom|MICROSOFT CORP.|FUJIAN STAR-NET COMMUNICATION CO.,LTD|Broadcom
703;2447;;;1;0;0;0;4;
704;2462|2462;;;1;0;0;0;4;MediaTek Inc.|Ralink Technology, Corp.|MICROSOFT CORP.
705;2472;;;1;1;0;0;5;
706;2462|2467|5220;;;1;1;1;0;4;MICROSOFT CORP.|MediaTek Inc.|Ralink Technology, Corp.|MICROSOFT CORP.
707;5220;;;1;1;1;0;6;
708;2462|5220;;;1;1;1;0;4;MediaTek Inc.|Ralink Technology, Corp.|MICROSOFT CORP.
709;2462|5220;;;1;1;1;0;4;MediaTek Inc.|Ralink Technology, Corp.|MICROSOFT CORP.
710;5220;;;1;1;1;0;6;
711;2437|2437;;;1;0;0;0;4;MICROSOFT CORP.|MICROSOFT CORP.
712;2462|2462;;;1;0;0;0;4;MICROSOFT CORP.|MICROSOFT CORP.
713;5700;;;1;1;0;0;5;
714;2412|2412;;;1;0;0;0;4;MICROSOFT CORP.|MICROSOFT CORP.
715;5500|5500;;;1;1;0;0;5;MICROSOFT CORP.|MICROSOFT CORP.
716;2437|2442;;;1;0;0;0;4;MICROSOFT CORP.|Broadcom|MICROSOFT CORP.
717;2432|2437|2442;;;1;0;0;0;4;MICROSOFT CORP.|Broadcom|MICROSOFT CORP.
718;2432|2437|2442;;;1;0;0;0;4;Broadcom|Broadcom
719;2437|2427|2432|2442|2442|2447;;;1;0;0;0;4;MICROSOFT CORP.|MICROSOFT CORP.
720;5660|5660;;;1;1;0;0;5;MICROSOFT CORP.|MICROSOFT CORP.
721;2417|2422|2427;;;1;0;0;0;4;MICROSOFT CORP.|MICROSOFT CORP.
722;2437|2437;;;1;0;1;0;6;Qualcomm Inc.|HUAWEI TECHNOLOGIES CO.,LTD|MICROSOFT CORP.|Qualcomm Inc.
723;2422|2427|2432|5180;;;1;1;1;0;6;Qualcomm Inc.|HUAWEI TECHNOLOGIES CO.,LTD|MICROSOFT CORP.|Qualcomm Inc.
724;2432|2437|2442;;;1;1;0;0;5;MICROSOFT CORP.|Samsung Electronics Co.,Ltd|Qualcomm Inc.|MICROSOFT CORP.
725;5765;;;1;1;0;0;5;
726;2442|2447|2452;;;1;0;0;0;4;MICROSOFT CORP.|HUAWEI TECHNOLOGIES CO.,LTD|MICROSOFT CORP.
727;2437|2442;;;1;1;0;0;5;MICROSOFT CORP.
728;2412;;;1;0;0;0;4;
729;2432|2437|2442;;;1;0;1;0;6;Broadcom|Apple, Inc.|Apple, Inc.
730;2412|2417|2417|5520|5520;;;1;1;0;0;4;MICROSOFT CORP.|Epigram, Inc.|Broadcom|MICROSOFT CORP.
731;2412|2412;;;1;0;0;0;4;Broadcom
732;2412|5560|5560;;;1;1;0;0;4;MICROSOFT CORP.|Broadcom|Epigram, Inc.|MICROSOFT CORP.
733;2412|2412;;;1;0;0;0;4;Broadcom
734;2432|2437|2442|2442;;;1;0;0;0;4;MICROSOFT CORP.|Broadcom|MICROSOFT CORP.
735;2412|2417;;;1;0;0;0;4;Broadcom|MICROSOFT CORP.
736;2452|2457|2462|2467|2467;;;1;0;0;0;4;MICROSOFT CORP.|MICROSOFT CORP.
737;2437|5260;;;1;1;0;0;4;Cisco Systems, Inc|MICROSOFT CORP.|Cisco Systems, Inc
738;2432|2437|2442;;;1;0;0;0;4;MICROSOFT CORP.|MICROSOFT CORP.
739;2462|5600;;;1;1;0;0;4;Cisco Systems, Inc|MICROSOFT CORP.
740;2462|5620;;;1;1;0;0;4;Cisco Systems, Inc|MICROSOFT CORP.
741;2462;;;1;0;0;0;4;
742;2462|5560;;;1;1;0;0;4;Cisco Systems, Inc|MICROSOFT CORP.
743;2462|5200;;;1;1;0;0;4;Cisco Systems, Inc|MICROSOFT CORP.
744;2412|5540;;;1;1;0;0;4;Cisco Systems, Inc|MICROSOFT CORP.
745;2437|5260;;;1;1;0;0;4;Cisco Systems, Inc|MICROSOFT CORP.
746;2462|5540;;;1;1;0;0;4;Cisco Systems, Inc|MICROSOFT CORP.
747;2437|5280;;;1;1;0;0;4;Cisco Systems, Inc|MICROSOFT CORP.
748;2412|5540;;;1;1;0;0;4;Cisco Systems, Inc|MICROSOFT CORP.
749;2462|5560|5600;;;1;1;0;0;4;MICROSOFT CORP.|Cisco Systems, Inc|MICROSOFT CORP.
750;2462;;;1;0;0;0;4;
751;2462|5320;;;1;1;0;0;4;Cisco Systems, Inc|MICROSOFT CORP.
752;2412|5600;;;1;1;0;0;4;Cisco Systems, Inc|MICROSOFT CORP.
753;5560;;;1;1;0;0;5;
754;2462;;;1;0;0;0;4;
755;2437;;;1;0;0;0;4;
756;2437|2467|5560;;;1;1;0;0;4;MICROSOFT CORP.|Cisco Systems, Inc|MICROSOFT CORP.
757;5240|5520;;;1;1;0;0;5;Cisco Systems, Inc|MICROSOFT CORP.
758;2462|5260;;;1;1;0;0;4;Cisco Systems, Inc|MICROSOFT CORP.
759;2462|5200;;;1;1;0;0;4;Cisco Systems, Inc|MICROSOFT CORP.
760;5660;;;1;1;0;0;5;
761;2437|5240;;;1;1;0;0;4;Cisco Systems, Inc|MICROSOFT CORP.
762;2462|5660;;;1;1;0;0;4;Cisco Systems, Inc|MICROSOFT CORP.
763;2437|5600;;;1;1;0;0;4;Cisco Systems, Inc|MICROSOFT CORP.
764;5580|5300;;;1;1;0;0;5;Cisco Systems, Inc|MICROSOFT CORP.
765;2462|5180;;;1;1;0;0;4;Cisco Systems, Inc|MICROSOFT CORP.
766;5240|5620;;;1;1;0;0;5;Cisco Systems, Inc|MICROSOFT CORP.
767;2462|5580;;;1;1;0;0;4;Cisco Systems, Inc|MICROSOFT CORP.
768;2412|2417|2422;;;1;0;0;0;4;MICROSOFT CORP.|Qualcomm Inc.|Atheros Communications, Inc.|MICROSOFT CORP.
769;5200|5200;;;1;1;0;0;5;MICROSOFT CORP.|Qualcomm Inc.|Atheros Communications, Inc.|MICROSOFT CORP.
770;2437|2442|2447;;;1;0;0;0;4;HUAWEI TECHNOLOGIES CO.,LTD|Broadcom|MICROSOFT CORP.|HUAWEI TECHNOLOGIES CO.,LTD
771;2437;;;1;0;0;0;4;
772;2412|2417;;;1;1;0;0;5;MICROSOFT CORP.
773;2457|2462|2467;;;1;0;0;0;4;Samsung Electronics Co.,Ltd|Broadcom|Epigram, Inc.|MICROSOFT CORP.|Samsung Electronics Co.,Ltd
774;2462;;;1;0;0;0;4;
775;2467;;;1;0;0;0;4;
776;2452|2457|2462|5180;;;1;1;1;0;4;TP-LINK TECHNOLOGIES CO.,LTD.|MICROSOFT CORP.|MICROSOFT CORP.
777;2412|2417;;;1;1;0;0;5;MICROSOFT CORP.
778;2437;;;1;0;0;0;4;
779;2437;;;1;0;1;0;6;
780;2437;;;1;0;1;0;6;
781;2412|2412;;;1;0;0;0;4;Broadcom
782;2462|2467|2457;;;1;0;0;0;4;MICROSOFT CORP.|Broadcom|MICROSOFT CORP.
783;2437|2437;;;1;0;0;0;4;Broadcom
784;2412|2417|2417;;;1;0;0;0;4;Broadcom|MICROSOFT CORP.
785;2412|2412;;;1;0;0;0;4;Broadcom
786;2467|2472;;;1;0;0;0;4;MICROSOFT CORP.|MICROSOFT CORP.
787;2437;;;0;0;0;0;<4;
788;2412|5660;;;1;0;0;0;4;Cisco Systems, Inc|MICROSOFT CORP.|Cisco Systems, Inc
789;2437;;;1;0;0;0;4;
790;2437|5500;;;1;0;0;0;4;Cisco Systems, Inc|MICROSOFT CORP.|Cisco Systems, Inc
791;2462;;;1;0;0;0;4;
792;2437;;;1;0;0;0;4;
793;2412|5320;;;1;0;0;0;4;Cisco Systems, Inc|MICROSOFT CORP.|Cisco Systems, Inc
794;2412|5300;;;1;0;0;0;4;Cisco Systems, Inc|MICROSOFT CORP.|Cisco Systems, Inc
795;2462;;;1;0;0;0;4;
796;5220|2457|2462|2467;;;1;1;0;0;5;Ralink Technology, Corp.|MICROSOFT CORP.|MICROSOFT CORP.
797;2417;;;1;0;0;0;4;
798;2412;;;1;0;0;0;4;
799;2452|2457|2462;;;1;0;0;0;4;MICROSOFT CORP.|MICROSOFT CORP.
800;2422|2427|2427|5260;;;1;1;0;0;4;Routerboard.com|Epigram, Inc.|MICROSOFT CORP.|Routerboard.com
801;2437;;;1;0;0;0;4;
802;2462;;;1;0;0;0;4;
803;5260;;;1;1;0;0;5;
804;2442;;;1;0;0;0;4;
805;2462;;;1;0;0;0;4;
806;2422|2427;;;1;0;0;0;4;Epigram, Inc.|MICROSOFT CORP.|Routerboard.com
807;2437|2437|2442|2442;;;1;0;1;0;6;Epigram, Inc.|Broadcom|Epigram, Inc.
808;2437|2437;;;1;0;1;0;6;Epigram, Inc.|Broadcom|Epigram, Inc.
809;2462;;;1;1;0;0;5;
810;2467|2472;;;1;0;0;0;4;MICROSOFT CORP.
811;5220;;;1;1;0;0;5;
812;2457|2462|2467|2467;;;1;0;0;0;4;MICROSOFT CORP.|MICROSOFT CORP.
813;2462|2467;;;1;0;0;0;4;
814;2447|2452;;;1;0;0;0;4;Ralink Technology, Corp.|MICROSOFT CORP.
815;2412|2417;;;1;0;1;0;6;Broadcom|Apple, Inc.|Apple, Inc.
816;2457|2462;;;1;0;0;0;4;MICROSOFT CORP.|MICROSOFT CORP.
817;2417;;;1;0;1;0;6;
818;5220;;;1;1;1;0;6;
819;5180|2457|2462|2467;;;1;1;0;0;5;MICROSOFT CORP.|Atheros Communications, Inc.|MICROSOFT CORP.
820;2457;;;1;1;0;0;5;
821;2432|2437|2442|2447|2457|2462|2467;;;1;0;0;0;4;MICROSOFT CORP.|MICROSOFT CORP.
822;2412|2412;;;1;0;0;0;4;Broadcom
823;2412|2417|2422|2422;;;1;0;0;0;4;MICROSOFT CORP.|Broadcom|MICROSOFT CORP.
824;2462|2467|2472|2472;;;1;0;0;0;4;MICROSOFT CORP.|Broadcom|MICROSOFT CORP.
825;2462;;;1;0;0;0;4;
826;2442|2447|2452;;;1;1;0;0;5;Ralink Technology, Corp.|MICROSOFT CORP.|MICROSOFT CORP.
827;2457|2462;;;1;1;0;0;5;Qualcomm Inc.|Atheros Communications, Inc.|MICROSOFT CORP.
828;2462;;;1;1;0;0;5;
829;2462;;;1;1;0;0;5;
830;2462|2467;;;1;0;0;0;4;Broadcom|Apple, Inc.
831;2447;;;1;0;0;0;4;
832;2447;;;1;0;0;0;4;
833;2437|2442|2447|5500;;;1;1;1;0;6;Qualcomm Inc.|HUAWEI TECHNOLOGIES CO.,LTD|MICROSOFT CORP.|Qualcomm Inc.
834;2412;;;1;0;0;0;4;
835;2472;;;1;0;0;0;4;
836;2462|2467|2467;;;1;0;1;0;6;MICROSOFT CORP.|Broadcom|Epigram, Inc.|MICROSOFT CORP.
837;2437|2437;;;1;0;1;0;6;MICROSOFT CORP.|Broadcom|Epigram, Inc.
838;2432|2437;;;1;0;0;0;4;Broadcom|MICROSOFT CORP.
839;2427;;;1;0;0;0;4;
840;5680|2412;;;1;1;0;0;5;Epigram, Inc.|MICROSOFT CORP.|Routerboard.com
841;2447;;;1;1;1;1;7;
842;2462|2467;;;1;1;0;0;5;Qualcomm Inc.|Atheros Communications, Inc.|MICROSOFT CORP.
843;2412;;;1;1;0;0;5;
844;2412|2417;;;1;1;0;0;5;Qualcomm Inc.|Atheros Communications, Inc.|MICROSOFT CORP.
845;2437|2442;;;1;1;0;0;5;Qualcomm Inc.|Atheros Communications, Inc.|MICROSOFT CORP.
846;2457|2462|2467;;;1;0;0;0;4;MICROSOFT CORP.|MICROSOFT CORP.
847;2462;;;1;1;0;0;5;
848;2422;;;1;0;0;0;4;
849;2412;;;1;0;0;0;4;
850;2412|2417;;;1;0;1;0;6;MediaTek Inc.|Ralink Technology, Corp.|MICROSOFT CORP.|MICROSOFT CORP.
851;2462;;;1;1;0;0;5;
852;2462;;;1;1;0;0;5;
853;2422|2427;;;1;1;1;0;6;MICROSOFT CORP.|HUAWEI TECHNOLOGIES CO.,LTD|HUAWEI TECHNOLOGIES CO.,LTD|MICROSOFT CORP.
854;2462|2467|2472;;;1;0;0;0;4;MICROSOFT CORP.|MICROSOFT CORP.
855;2457|2462;;;1;1;0;0;5;MICROSOFT CORP.
856;2457|2462|2467;;;1;1;0;0;5;MICROSOFT CORP.|Qualcomm Inc.|Atheros Communications, Inc.|MICROSOFT CORP.
857;2462;;;1;1;0;0;5;
858;2462;;;1;1;0;0;5;
859;2462;;;1;1;0;0;5;
860;2462;;;1;0;1;0;6;
861;2462;;;1;1;1;0;6;
862;2457|2462|2467;;;1;0;0;0;4;MICROSOFT CORP.|Broadcom|MICROSOFT CORP.
863;2417|5180;;;1;1;0;0;4;
864;2437|5200;;;1;1;0;0;4;Cisco Systems, Inc|MICROSOFT CORP.|Cisco Systems, Inc
865;2462|5180;;;1;1;0;0;4;Cisco Systems, Inc|MICROSOFT CORP.|Cisco Systems, Inc
866;2437;;;1;0;0;0;4;
867;2422;;;1;0;0;0;4;
868;2427|2432|2437;;;1;0;0;0;4;MICROSOFT CORP.|MICROSOFT CORP.
869;2437;;;1;0;0;0;4;
870;2437|2442;;;1;0;0;0;4;MICROSOFT CORP.|Qualcomm Inc.|Atheros Communications, Inc.|MICROSOFT CORP.
871;2442;;;1;0;0;0;4;
872;2437|2442|2447;;;1;0;0;0;4;
873;2442;;;1;0;0;0;4;
874;5500|2462;;;1;1;0;0;5;Epigram, Inc.|MICROSOFT CORP.|Routerboard.com
875;2472;;;1;0;0;0;4;
876;2447|2452;;;1;0;0;0;4;MICROSOFT CORP.|MICROSOFT CORP.
877;2412|2417;;;1;0;0;0;4;MICROSOFT CORP.|MICROSOFT CORP.
878;2432;;;1;0;0;0;4;
879;2412|2417;;;1;0;0;0;4;MICROSOFT CORP.
880;2462|5620;;;1;1;1;0;6;Grandstream Networks, Inc.|Qualcomm Inc.|MICROSOFT CORP.|Qualcomm Inc.
881;2412;;;1;1;1;0;6;
882;2412;;;1;1;1;0;6;
883;2437|2437;;;1;1;1;0;6;Grandstream Networks, Inc.|Qualcomm Inc.|MICROSOFT CORP.|Qualcomm Inc.
884;2462|5180;;;1;1;1;0;6;Grandstream Networks, Inc.|Qualcomm Inc.|MICROSOFT CORP.|Qualcomm Inc.
885;2462;;;1;1;1;0;6;
886;2462;;;1;1;1;0;6;
887;2472;;;1;0;0;0;4;
888;2412|5520|5680;;;1;1;0;0;4;MICROSOFT CORP.|Cisco Systems, Inc|MICROSOFT CORP.
889;5620;;;1;1;1;0;6;
890;2412|2412;;;1;0;0;0;4;Broadcom
891;2412|2417|2417;;;1;0;0;0;4;Broadcom|MICROSOFT CORP.
892;2437;;;1;0;0;0;4;
893;2437|2437;;;1;0;0;0;4;Broadcom
894;2437|2437;;;1;0;0;0;4;Broadcom
895;2452;;;1;0;0;0;4;
896;2452;;;1;0;1;0;6;
897;2447;;;1;0;1;0;6;
898;2437|5220;;;1;0;0;0;4;Cisco Systems, Inc|MICROSOFT CORP.|Cisco Systems, Inc
899;2412|5300;;;1;0;0;0;4;Cisco Systems, Inc|MICROSOFT CORP.|Cisco Systems, Inc
900;2412|5280;;;1;0;0;0;4;Cisco Systems, Inc|MICROSOFT CORP.|Cisco Systems, Inc
901;2437;;;1;0;0;0;4;
902;2412|5660;;;1;0;0;0;4;Cisco Systems, Inc|MICROSOFT CORP.|Cisco Systems, Inc
903;2437|5220;;;1;0;0;0;4;Cisco Systems, Inc|MICROSOFT CORP.|Cisco Systems, Inc
904;2437|5180;;;1;0;0;0;4;Cisco Systems, Inc|MICROSOFT CORP.|Cisco Systems, Inc
905;2462|5280;;;1;0;0;0;4;Cisco Systems, Inc|MICROSOFT CORP.|Cisco Systems, Inc
906;2412|5180;;;1;0;0;0;4;Cisco Systems, Inc|MICROSOFT CORP.|Cisco Systems, Inc
907;2437|5240;;;1;0;0;0;4;Cisco Systems, Inc|MICROSOFT CORP.|Cisco Systems, Inc
908;2437|5660;;;1;0;0;0;4;Cisco Systems, Inc|MICROSOFT CORP.|Cisco Systems, Inc
909;2437|5500;;;1;0;0;0;4;Cisco Systems, Inc|MICROSOFT CORP.|Cisco Systems, Inc
910;2437|5320;;;1;0;0;0;4;Cisco Systems, Inc|MICROSOFT CORP.|Cisco Systems, Inc
911;2412|5220;;;1;0;0;0;4;Cisco Systems, Inc|MICROSOFT CORP.|Cisco Systems, Inc
912;2412;;;1;0;0;0;4;
913;2412|5660;;;1;0;0;0;4;Cisco Systems, Inc|MICROSOFT CORP.|Cisco Systems, Inc
914;2412|5180;;;1;0;0;0;4;Cisco Systems, Inc|MICROSOFT CORP.|Cisco Systems, Inc
915;2437|5200;;;1;0;0;0;4;Cisco Systems, Inc|MICROSOFT CORP.|Cisco Systems, Inc
916;2462;;;1;0;0;0;4;
917;2412|5220;;;1;0;0;0;4;Cisco Systems, Inc|MICROSOFT CORP.|Cisco Systems, Inc
918;2437|5500;;;1;0;0;0;4;Cisco Systems, Inc|MICROSOFT CORP.|Cisco Systems, Inc
919;2412|5560;;;1;0;0;0;4;Cisco Systems, Inc|MICROSOFT CORP.|Cisco Systems, Inc
920;2412;;;1;0;0;0;4;
921;2437|5660;;;1;0;0;0;4;Cisco Systems, Inc|MICROSOFT CORP.|Cisco Systems, Inc
922;2437|5200;;;1;0;0;0;4;Cisco Systems, Inc|MICROSOFT CORP.|Cisco Systems, Inc
923;2412|5500;;;1;0;0;0;4;Cisco Systems, Inc|MICROSOFT CORP.|Cisco Systems, Inc
924;2412;;;1;0;0;0;4;
925;2412;;;1;0;0;0;4;
926;2437|5660;;;1;0;0;0;4;Cisco Systems, Inc|MICROSOFT CORP.|Cisco Systems, Inc
927;2462|5320;;;1;0;0;0;4;Cisco Systems, Inc|MICROSOFT CORP.|Cisco Systems, Inc
928;2412;;;1;0;0;0;4;
929;2437|5300;;;1;0;0;0;4;Cisco Systems, Inc|MICROSOFT CORP.|Cisco Systems, Inc
930;2437;;;1;1;1;0;6;
931;2437|2442;;;1;0;1;0;6;Qualcomm Inc.|HUAWEI TECHNOLOGIES CO.,LTD|MICROSOFT CORP.|Qualcomm Inc.
932;2432|2437|2442;;;0;0;0;0;<4;
933;2432|2437|2442;;;0;0;0;0;<4;
934;2432|2437|2442|2447;;;1;0;0;0;4;MICROSOFT CORP.|MICROSOFT CORP.
935;2437;;;1;0;0;0;4;
936;2462;;;1;0;0;0;4;
937;2437|2442|2447;;;1;0;0;0;4;
938;2437|2442|2447;;;1;0;0;0;4;
939;5500;;;1;1;1;0;6;
940;5500|5500;;;1;1;1;0;6;MICROSOFT CORP.|Broadcom|Epigram, Inc.
941;2412|2417;;;1;1;0;0;5;MICROSOFT CORP.
942;5180;;;1;1;1;0;6;
943;2417;;;1;1;1;0;6;
944;2422|2427|2432|2432;;;1;0;0;0;4;MICROSOFT CORP.|HUAWEI TECHNOLOGIES CO.,LTD|MICROSOFT CORP.
945;2422;;;1;0;0;0;4;
946;2437|2442|2447;;;1;0;1;0;6;Qualcomm Inc.|HUAWEI TECHNOLOGIES CO.,LTD|MICROSOFT CORP.|Qualcomm Inc.
947;2437|5180;;;1;1;1;1;7;Grandstream Networks, Inc.|Wi-Fi Alliance|Qualcomm Inc.|MICROSOFT CORP.|Qualcomm Inc.
948;5180;;;1;1;1;1;7;
949;2412;;;1;0;0;0;4;
950;2412|2417;;;1;0;0;0;4;Broadcom|MICROSOFT CORP.
951;2412|5540|5540;;;1;1;0;0;4;MICROSOFT CORP.|Broadcom|Epigram, Inc.|MICROSOFT CORP.
952;2437|2437;;;1;0;0;0;4;Broadcom
953;2412|2412;;;1;0;0;0;4;Broadcom
954;2467|2472;;;1;0;0;0;4;Broadcom|MICROSOFT CORP.
955;2437;;;1;0;0;0;4;
956;2462;;;0;0;0;0;<4;
957;2437;;;0;0;0;0;<4;
958;2427|2427;;;0;0;0;0;<4;Cisco Systems, Inc|Cisco Systems, Inc
959;2412;;;0;0;0;0;<4;
960;2462;;;1;0;0;0;4;
961;2462;;;0;0;0;0;<4;
962;2457|2462|2467;;;0;0;0;0;<4;MICROSOFT CORP.|MICROSOFT CORP.
963;5220|2467|2472;;;1;1;0;0;5;MICROSOFT CORP.|Broadcom|MICROSOFT CORP.
964;2437;;;1;0;0;0;4;
965;2412|2412|6175|5200|5200;;;1;1;1;0;6;MICROSOFT CORP.|Atheros Communications, Inc.|Cisco Systems, Inc|MICROSOFT CORP.
966;2412|2412;;;1;0;1;0;6;Cisco Systems, Inc|MICROSOFT CORP.
967;2412|2412|6015|5180;;;1;1;1;0;6;MICROSOFT CORP.|Atheros Communications, Inc.|Cisco Systems, Inc|MICROSOFT CORP.
968;2412|2412;;;1;0;1;0;6;Cisco Systems, Inc|MICROSOFT CORP.
969;2412|2412|6015;;;1;0;1;0;6;MICROSOFT CORP.|Atheros Communications, Inc.|Cisco Systems, Inc|MICROSOFT CORP.
970;2437|2437|6015|5500|5500;;;1;1;1;0;6;MICROSOFT CORP.|Atheros Communications, Inc.|Cisco Systems, Inc|MICROSOFT CORP.
971;6415|5240|5240;;;1;1;1;0;6E;MICROSOFT CORP.|Cisco Systems, Inc|MICROSOFT CORP.
972;6095|5180|5180;;;1;1;1;0;6E;MICROSOFT CORP.|Cisco Systems, Inc|MICROSOFT CORP.
973;2412|2412;;;1;0;1;0;6;Cisco Systems, Inc|MICROSOFT CORP.
974;6335|5320|5320;;;1;1;1;0;6E;MICROSOFT CORP.|Cisco Systems, Inc|MICROSOFT CORP.
975;2412;;;1;0;0;0;4;
976;2437;;;1;1;0;0;5;
977;2462|2467|5260;;;1;0;0;0;4;MICROSOFT CORP.|Apple, Inc.|Apple, Inc.|MICROSOFT CORP.
978;2422;;;1;1;1;0;6;
979;5540;;;1;1;1;0;6;
980;2432|2437|2442;;;1;0;1;0;6;Broadcom|Apple, Inc.|Apple, Inc.
981;2437|2437;;;1;0;0;0;4;MICROSOFT CORP.|Cisco Systems, Inc|MICROSOFT CORP.
982;2462|2462;;;1;0;0;0;4;Cisco Systems, Inc|MICROSOFT CORP.
983;2462|2462;;;1;0;0;0;4;MICROSOFT CORP.|Cisco Systems, Inc|MICROSOFT CORP.
984;2462|2462;;;1;0;0;0;4;MICROSOFT CORP.|Cisco Systems, Inc|MICROSOFT CORP.
985;5660;;;1;0;0;0;4;
986;2412|2412|5220|5220;;;1;1;1;0;6;MICROSOFT CORP.|Atheros Communications, Inc.|Cisco Systems, Inc|MICROSOFT CORP.
987;5180|2457|2462|2467;;;1;1;0;0;5;MICROSOFT CORP.|Broadcom|MICROSOFT CORP.
988;2442|2447|2452|5220|5660;;;1;1;0;0;4;Epigram, Inc.|Broadcom|Epigram, Inc.
989;2462;;;1;0;0;0;4;
990;2427;;;1;0;0;0;4;
991;2457|2462|2467;;;1;0;0;0;4;Broadcom|Broadcom
992;2467;;;1;0;1;0;6;
993;2462|2467;;;1;0;0;0;4;MICROSOFT CORP.|Qualcomm Inc.|Atheros Communications, Inc.|MICROSOFT CORP.
994;5580|5580;;;1;1;1;0;6;MICROSOFT CORP.|MICROSOFT CORP.
995;2432|2437|2442;;;1;0;1;0;6;MICROSOFT CORP.|MICROSOFT CORP.
996;5700|5700;;;1;1;1;0;6;MICROSOFT CORP.|MICROSOFT CORP.
997;2412|2412;;;1;0;1;0;6;MICROSOFT CORP.
998;5500|5500;;;1;1;1;0;6;MICROSOFT CORP.|MICROSOFT CORP.
999;2437|2437;;;1;0;1;0;6;MICROSOFT CORP.|MICROSOFT CORP.
1000;2457|2462|2462;;;1;0;1;0;6;MICROSOFT CORP.|MICROSOFT CORP.
1001;2412|2412;;;1;0;1;0;6;MICROSOFT CORP.|MICROSOFT CORP.
1002;5200|5200;;;1;1;1;0;6;MICROSOFT CORP.|MICROSOFT CORP.
1003;2432|2437|2442;;;0;0;0;0;<4;MICROSOFT CORP.|MICROSOFT CORP.
1004;2462|2462|5220|5220;;;1;1;0;0;4;MICROSOFT CORP.|Cisco Systems, Inc|MICROSOFT CORP.
1005;5260|5260;;;1;1;0;0;5;Cisco Systems, Inc|MICROSOFT CORP.
1006;6335|5240|5240;;;1;1;1;0;6E;MICROSOFT CORP.|Cisco Systems, Inc|MICROSOFT CORP.
1007;2412|2412|6095|5500|5500;;;1;1;1;0;6;Atheros Communications, Inc.|MICROSOFT CORP.|Cisco Systems, Inc|MICROSOFT CORP.
1008;5300;;;1;1;1;0;6;
1009;6015;;;0;0;1;0;6E;
1010;2437|2437;;;1;0;1;0;6;Cisco Systems, Inc|MICROSOFT CORP.
1011;6015;;;0;0;1;0;6E;
1012;2412|2417;;;1;0;1;0;6;MICROSOFT CORP.
1013;2412|2412;;;1;0;1;0;6;Cisco Systems, Inc|MICROSOFT CORP.
1014;6255;;;0;0;1;0;6E;
1015;2412|2412|6095|5500|5500;;;1;1;1;0;6;MICROSOFT CORP.|Atheros Communications, Inc.|Cisco Systems, Inc|MICROSOFT CORP.
1016;2412;;;1;0;0;0;4;
1017;2412|2417|2422|2427;;;1;0;0;0;4;MICROSOFT CORP.|MICROSOFT CORP.
1018;2422;;;1;0;0;0;4;
1019;2437;;;1;1;0;0;5;
1020;2457|2462|2467;;;1;1;0;0;5;MICROSOFT CORP.|MICROSOFT CORP.
1021;2412|2417|5220;;;1;1;0;0;4;Qualcomm Inc.|MICROSOFT CORP.|Atheros Communications, Inc.|MICROSOFT CORP.
1022;5220;;;1;1;1;0;6;
1023;2437|2437;;;1;0;0;0;4;MICROSOFT CORP.|MICROSOFT CORP.
1024;5180;;;1;1;0;0;5;
1025;2412|2417;;;1;0;0;0;4;Epigram, Inc.|MICROSOFT CORP.|Routerboard.com
1026;5180;;;1;1;0;0;5;
1027;5180;;;1;1;0;0;5;
1028;5180;;;1;1;0;0;5;
1029;5180;;;1;1;0;0;5;
1030;2432|2437|2442;;;1;1;0;0;5;MediaTek Inc.|Ralink Technology, Corp.|MICROSOFT CORP.|MICROSOFT CORP.
1031;2432|2437|2442;;;1;1;0;0;5;MediaTek Inc.|Ralink Technology, Corp.|MICROSOFT CORP.|MICROSOFT CORP.
1032;2432|2437|2442;;;1;1;0;0;5;MediaTek Inc.|Ralink Technology, Corp.|MICROSOFT CORP.|MICROSOFT CORP.
1033;2432|2437|2442;;;1;1;0;0;5;MediaTek Inc.|Ralink Technology, Corp.|MICROSOFT CORP.|MICROSOFT CORP.
1034;2432|2437|2442;;;1;1;0;0;5;MediaTek Inc.|Ralink Technology, Corp.|MICROSOFT CORP.|MICROSOFT CORP.
1035;2412|2417;;;1;0;0;0;4;Epigram, Inc.|MICROSOFT CORP.
1036;2412;;;1;0;0;0;4;
1037;2457|2462|2467|5180;;;1;1;0;0;4;MICROSOFT CORP.|MICROSOFT CORP.
1038;5540;;;1;0;0;0;4;
1039;2442|2447|2452|5180;;;1;1;0;0;4;MICROSOFT CORP.|Broadcom|Epigram, Inc.|ASUSTek COMPUTER INC.|MICROSOFT CORP.
1040;2422;;;1;1;0;0;5;
1041;2437;;;1;0;0;0;4;
1042;2452;;;1;0;0;0;4;
1043;2462;;;1;0;0;0;4;
1044;2457|2462|2467;;;1;0;0;0;4;
1045;2457|2462;;;1;0;1;0;6;Broadcom|Epigram, Inc.|MICROSOFT CORP.
1046;2462|2467|5540|5540;;;1;1;0;0;4;Epigram, Inc.|MICROSOFT CORP.|Broadcom|MICROSOFT CORP.
1047;2412|5540|5540;;;1;1;0;0;4;MICROSOFT CORP.|Broadcom|Epigram, Inc.|MICROSOFT CORP.
1048;2412;;;1;0;0;0;4;
1049;2447|2452|2457|2462|2467;;;1;0;0;0;4;MICROSOFT CORP.|MICROSOFT CORP.
1050;2422|2427|2432;;;1;0;0;0;4;MICROSOFT CORP.|MICROSOFT CORP.
1051;2457|2462;;;1;1;0;0;5;MICROSOFT CORP.|Qualcomm Inc.|Atheros Communications, Inc.|MICROSOFT CORP.
1052;2457|2462|2467;;;1;1;0;0;5;MICROSOFT CORP.|Qualcomm Inc.|Atheros Communications, Inc.|MICROSOFT CORP.
1053;2412|2412|6095;;;1;0;1;0;6;MICROSOFT CORP.|Atheros Communications, Inc.|Cisco Systems, Inc|MICROSOFT CORP.
1054;2457|2462|2467;;;1;0;0;0;4;Atheros Communications, Inc.|Epigram, Inc.|MICROSOFT CORP.|MICROSOFT CORP.
1055;5260|5260;;;1;1;0;0;5;Cisco Systems, Inc|MICROSOFT CORP.
1056;2457;;;1;0;0;0;4;
1057;2447|2427|2432;;;1;0;0;0;4;MICROSOFT CORP.|MICROSOFT CORP.
1058;2427|2422;;;1;0;0;0;4;MICROSOFT CORP.
1059;2457;;;1;0;0;0;4;
1060;2462;;;1;1;0;0;5;
1061;2412|2412;;;1;0;0;0;4;Cisco Systems, Inc|MICROSOFT CORP.|Cisco Systems, Inc
1062;2462|2462;;;1;0;0;0;4;Cisco Systems, Inc|MICROSOFT CORP.|Cisco Systems, Inc
1063;2437|2437;;;1;0;0;0;4;Cisco Systems, Inc|MICROSOFT CORP.|Cisco Systems, Inc
1064;2412|2412;;;1;0;0;0;4;Cisco Systems, Inc|MICROSOFT CORP.|Cisco Systems, Inc
1065;2462|2462;;;1;0;0;0;4;Cisco Systems, Inc|MICROSOFT CORP.|Cisco Systems, Inc
1066;2412|2412;;;1;0;0;0;4;Cisco Systems, Inc|MICROSOFT CORP.|Cisco Systems, Inc
1067;2412;;;1;0;0;0;4;
1068;5520;;;1;1;0;0;5;
1069;2472|2472;;;1;0;0;0;4;REALTEK SEMICONDUCTOR CORP.|MICROSOFT CORP.
1070;2462|2462;;;1;0;0;0;4;Cisco Systems, Inc|MICROSOFT CORP.|Cisco Systems, Inc
1071;2437|2437;;;1;0;0;0;4;Cisco Systems, Inc|MICROSOFT CORP.|Cisco Systems, Inc
1072;2437|2437;;;1;0;0;0;4;Cisco Systems, Inc|MICROSOFT CORP.|Cisco Systems, Inc
1073;2462|2462;;;1;0;0;0;4;Cisco Systems, Inc|MICROSOFT CORP.|Cisco Systems, Inc
1074;2437|2437;;;1;0;0;0;4;Cisco Systems, Inc|MICROSOFT CORP.|Cisco Systems, Inc
1075;2442|2447|5280;;;1;1;1;1;7;Qualcomm Inc.|HUAWEI TECHNOLOGIES CO.,LTD|MICROSOFT CORP.|Qualcomm Inc.
1076;2447|2452|2457;;;1;1;1;0;6;Ralink Technology, Corp.|MICROSOFT CORP.|MICROSOFT CORP.
1077;2442|2447|2452|2457;;;1;1;1;0;6;MICROSOFT CORP.|Ralink Technology, Corp.|MICROSOFT CORP.
1078;5240;;;1;1;1;0;6;
1079;5240;;;1;1;1;0;6;
1080;2437;;;1;0;0;0;4;
1081;5200;;;1;0;0;0;4;
1082;5745;;;1;1;0;0;5;
1083;2457|2462|2467;;;1;0;0;0;4;Epigram, Inc.|MICROSOFT CORP.|MICROSOFT CORP.
1084;2442;;;1;1;0;0;5;
1085;2437;;;1;0;0;0;4;
1086;2437|2437;;;1;0;0;0;4;Cisco Systems, Inc|MICROSOFT CORP.|Cisco Systems, Inc
1087;2422|2427;;;1;0;0;0;4;MICROSOFT CORP.|Broadcom|MICROSOFT CORP.
1088;2457|2462|2467;;;1;0;0;0;4;MICROSOFT CORP.|Broadcom|MICROSOFT CORP.
1089;2422;;;1;0;0;0;4;
1090;2457|2462;;;1;0;0;0;4;Apple, Inc.|MICROSOFT CORP.
1091;2442|2442;;;1;1;1;0;6;Qualcomm Inc.|Atheros Communications, Inc.|MICROSOFT CORP.
1092;2452|2457|2462|2467;;;1;0;0;0;4;Atheros Communications, Inc.|Epigram, Inc.|MICROSOFT CORP.|MICROSOFT CORP.
1093;2432|2437|2437|2442|2442;;;1;0;0;0;4;MICROSOFT CORP.|Qualcomm Inc.|Atheros Communications, Inc.|MICROSOFT CORP.
1094;2412|2417|2422|2427;;;1;0;0;0;4;MICROSOFT CORP.|MICROSOFT CORP.
1095;2462;;;1;1;1;0;6;
1096;2437;;;1;1;0;0;5;
1097;2437|2437;;;1;0;0;0;4;Cisco Systems, Inc|MICROSOFT CORP.|Cisco Systems, Inc
1098;2412|2412;;;1;0;0;0;4;Cisco Systems, Inc|MICROSOFT CORP.|Cisco Systems, Inc
1099;2462|2462;;;1;0;0;0;4;Cisco Systems, Inc|MICROSOFT CORP.|Cisco Systems, Inc
1100;2437|2437;;;1;0;0;0;4;Cisco Systems, Inc|MICROSOFT CORP.|Cisco Systems, Inc
1101;2462|2462;;;1;0;0;0;4;Cisco Systems, Inc|MICROSOFT CORP.|Cisco Systems, Inc
1102;2412|2412;;;1;0;0;0;4;Cisco Systems, Inc|MICROSOFT CORP.|Cisco Systems, Inc
1103;2437|2437|5180|5180;;;1;1;0;0;4;MICROSOFT CORP.|Cisco Systems, Inc|MICROSOFT CORP.
1104;2462|2462;;;1;0;0;0;4;Cisco Systems, Inc|MICROSOFT CORP.
1105;2462|2462;;;1;0;0;0;4;Cisco Systems, Inc|MICROSOFT CORP.
1106;2462|2462;;;1;0;0;0;4;MICROSOFT CORP.|MICROSOFT CORP.
1107;2412|2412|5180|5180;;;1;1;0;0;4;MICROSOFT CORP.|Cisco Systems, Inc|MICROSOFT CORP.
1108;5220|5220;;;1;1;0;0;5;Cisco Systems, Inc|MICROSOFT CORP.
1109;2437|2437;;;1;0;0;0;4;Cisco Systems, Inc|MICROSOFT CORP.
1110;2462;;;1;0;0;0;4;
1111;2412|2412;;;1;0;0;0;4;Cisco Systems, Inc|MICROSOFT CORP.
1112;2412|2417;;;0;0;0;0;<4;MICROSOFT CORP.
1113;2412;;;1;0;0;0;4;
1114;2457|2462|2467|5500;;;1;1;1;0;6;MICROSOFT CORP.|Broadcom|Epigram, Inc.|MICROSOFT CORP.
1115;2462|2462|5180|5180;;;1;1;0;0;4;MICROSOFT CORP.|Cisco Systems, Inc|MICROSOFT CORP.
1116;2462|5240|5240;;;1;1;0;0;4;MICROSOFT CORP.|Cisco Systems, Inc|MICROSOFT CORP.
1117;5180|5180;;;1;1;0;0;5;Cisco Systems, Inc|MICROSOFT CORP.
1118;2432;;;1;0;0;0;4;
1119;2457|2462|2467;;;1;0;0;0;4;MICROSOFT CORP.|MICROSOFT CORP.
1120;2457|2462;;;1;0;0;0;4;Broadcom
1121;2447|2452|2457|5180;;;1;1;0;0;4;MICROSOFT CORP.|MICROSOFT CORP.
1122;2462|2467|2472;;;1;1;1;0;6;MICROSOFT CORP.|Ralink Technology, Corp.|MICROSOFT CORP.
1123;2437;;;1;0;0;0;4;
1124;2412|2412;;;1;0;0;0;4;MICROSOFT CORP.|Qualcomm Inc.|Atheros Communications, Inc.|MICROSOFT CORP.
1125;5240|2422|2427|2432;;;1;1;0;0;5;MediaTek Inc.|Ralink Technology, Corp.|MICROSOFT CORP.|MICROSOFT CORP.
1126;5540;;;1;1;1;0;6;
1127;2422|2427|2432;;;1;0;0;0;4;MICROSOFT CORP.|Ralink Technology, Corp.|MICROSOFT CORP.
1128;5240|2417|2422|2427|2432;;;1;1;0;0;5;MICROSOFT CORP.|MediaTek Inc.|Ralink Technology, Corp.|MICROSOFT CORP.
1129;2467;;;1;0;0;0;4;
1130;2412;;;1;0;0;0;4;
1131;2462;;;1;0;0;0;4;
1132;2457|2462|2467;;;1;0;0;0;4;MICROSOFT CORP.|Broadcom|MICROSOFT CORP.
1133;2437;;;1;0;0;0;4;
1134;2412|2417|2422|5220;;;1;1;1;0;6;ASUSTek COMPUTER INC.|Broadcom|Epigram, Inc.|ASUSTek COMPUTER INC.
1135;2412|2412;;;1;0;0;0;4;MICROSOFT CORP.
1136;2462|2462|5320|5320;;;1;1;0;0;4;MICROSOFT CORP.|Cisco Systems, Inc|MICROSOFT CORP.
1137;2437|2437;;;1;0;0;0;4;MICROSOFT CORP.
1138;2437|2437|5320|5320;;;1;1;0;0;4;MICROSOFT CORP.|Cisco Systems, Inc|MICROSOFT CORP.
1139;2462|2462;;;1;0;0;0;4;Cisco Systems, Inc|MICROSOFT CORP.
1140;5500;;;1;1;1;0;6;
1141;5765;;;1;1;0;0;5;
1142;2457|2462|5540|5540;;;1;1;0;0;4;Epigram, Inc.|MICROSOFT CORP.|Broadcom|MICROSOFT CORP.
1143;2412|2417|5540|5540;;;1;1;0;0;4;Epigram, Inc.|MICROSOFT CORP.|Broadcom|MICROSOFT CORP.
1144;2462|2467|5500|2457;;;1;1;0;0;4;Epigram, Inc.|MICROSOFT CORP.|Broadcom|MICROSOFT CORP.
1145;2412|2417;;;1;0;0;0;4;Routerboard.com|Epigram, Inc.|MICROSOFT CORP.|Routerboard.com
1146;2412;;;1;0;0;0;4;
1147;2442|2447|2447|2452;;;1;0;0;0;4;Routerboard.com|Epigram, Inc.|MICROSOFT CORP.|Routerboard.com
1148;2442|2447|2452|2452;;;1;0;0;0;4;Routerboard.com|Epigram, Inc.|MICROSOFT CORP.|Routerboard.com
1149;2437|2437|5220|5220;;;1;1;0;0;4;MICROSOFT CORP.|Cisco Systems, Inc|MICROSOFT CORP.
1150;2412;;;1;0;0;0;4;
1151;2412;;;1;0;0;0;4;
1152;2447|2452;;;1;0;0;0;4;Epigram, Inc.|MICROSOFT CORP.|Routerboard.com
1153;2442|2447|2452;;;1;0;0;0;4;Routerboard.com|Epigram, Inc.|MICROSOFT CORP.|Routerboard.com
1154;5240;;;1;1;1;0;6;
1155;2412|2412;;;1;0;0;0;4;Cisco Systems, Inc|MICROSOFT CORP.|Cisco Systems, Inc
1156;2442|5220;;;1;1;1;0;6;MICROSOFT CORP.|Qualcomm Inc.|Atheros Communications, Inc.|MICROSOFT CORP.
1157;2442|2442;;;1;1;1;0;6;Qualcomm Inc.|Atheros Communications, Inc.|MICROSOFT CORP.
1158;2417;;;1;0;0;0;4;
1159;2437;;;1;0;1;0;6;
1160;5540;;;1;1;1;0;6;
1161;2462;;;1;0;1;0;6;
1162;5540|5540;;;1;1;1;0;6;Epigram, Inc.|MICROSOFT CORP.|Broadcom|Epigram, Inc.
1163;2437|2437;;;1;0;0;0;4;MICROSOFT CORP.|Cisco Systems, Inc|MICROSOFT CORP.
1164;5700|5700;;;1;0;0;0;4;MICROSOFT CORP.|Cisco Systems, Inc|MICROSOFT CORP.
1165;5220;;;1;1;1;0;6;
1166;2437;;;1;1;0;0;5;
1167;2462;;;1;0;0;0;4;
1168;2462;;;1;0;0;0;4;
1169;2412;;;1;0;1;0;6;
1170;2412|2412|2417|6015|5180|5180;;;1;1;1;0;6;Atheros Communications, Inc.|MICROSOFT CORP.|Cisco Systems, Inc|MICROSOFT CORP.
1171;2412|2412|2417;;;1;0;1;0;6;MICROSOFT CORP.|Cisco Systems, Inc|MICROSOFT CORP.
1172;2412;;;1;0;1;0;6;
1173;2412|2412|2417|6335|5180|5180;;;1;1;1;0;6;Atheros Communications, Inc.|MICROSOFT CORP.|Cisco Systems, Inc|MICROSOFT CORP.
1174;2412;;;1;0;1;0;6;
1175;2432;;;1;1;1;0;6;
1176;2462;;;1;0;0;0;4;
1177;2437|2437;;;1;0;0;0;4;Cisco Systems, Inc|MICROSOFT CORP.|Cisco Systems, Inc
1178;2462|2462;;;1;0;0;0;4;Cisco Systems, Inc|MICROSOFT CORP.|Cisco Systems, Inc
1179;2437;;;1;0;0;0;4;
1180;2437|2437;;;1;0;0;0;4;Cisco Systems, Inc|MICROSOFT CORP.|Cisco Systems, Inc
1181;2412;;;1;0;0;0;4;
1182;2412;;;1;0;0;0;4;
1183;2452|2457|2462|2467;;;1;0;0;0;4;Broadcom|Broadcom
1184;2462|2462;;;1;0;0;0;4;Wi-Fi Alliance|Intel Wireless Network Group|MICROSOFT CORP.|MICROSOFT CORP.
1185;2437;;;1;0;0;0;4;
1186;2462;;;1;1;0;0;5;
1187;2432|2437|2442;;;1;0;0;0;4;MICROSOFT CORP.|MICROSOFT CORP.
1188;2462;;;0;0;0;0;<4;
1189;2412|2417;;;0;0;0;0;<4;Atheros Communications, Inc.|MICROSOFT CORP.
1190;2412|2417;;;1;0;0;0;4;Atheros Communications, Inc.|Epigram, Inc.|MICROSOFT CORP.
1191;2437;;;0;0;0;0;<4;
1192;2437|2437|5320|5320;;;1;1;0;0;4;Cisco Systems, Inc|MICROSOFT CORP.|Cisco Systems, Inc
1193;2442|2447|2452|5180;;;1;1;0;0;5;Ralink Technology, Corp.|MICROSOFT CORP.|MICROSOFT CORP.
1194;2417|2422|2427;;;0;0;0;0;<4;Cisco Systems, Inc|MICROSOFT CORP.|MICROSOFT CORP.
1195;2462;;;1;0;0;0;4;
1196;2462;;;1;0;0;0;4;
1197;2437;;;1;0;0;0;4;
1198;2412|2412|5220|5220;;;1;1;0;0;4;Cisco Systems, Inc|MICROSOFT CORP.|Cisco Systems, Inc
1199;2462;;;1;0;0;0;4;
1200;2412|2412;;;1;0;0;0;4;Cisco Systems, Inc|MICROSOFT CORP.|Cisco Systems, Inc
1201;2462|2462|5180|5180;;;1;1;0;0;4;Cisco Systems, Inc|MICROSOFT CORP.|Cisco Systems, Inc
1202;2437|2437|5500|5500;;;1;1;0;0;4;Cisco Systems, Inc|MICROSOFT CORP.|Cisco Systems, Inc
1203;2437|2437;;;1;0;0;0;4;Cisco Systems, Inc|MICROSOFT CORP.|Cisco Systems, Inc
1204;2412|2412|5660|5660;;;1;1;0;0;4;Cisco Systems, Inc|MICROSOFT CORP.|Cisco Systems, Inc
1205;2437|2437;;;1;0;0;0;4;Cisco Systems, Inc|MICROSOFT CORP.|Cisco Systems, Inc
1206;2437;;;1;0;0;0;4;
1207;2412|2412;;;1;0;0;0;4;Cisco Systems, Inc|MICROSOFT CORP.|Cisco Systems, Inc
1208;2437;;;1;0;0;0;4;
1209;2412|2412|5220|5220;;;1;1;0;0;4;Cisco Systems, Inc|MICROSOFT CORP.|Cisco Systems, Inc
1210;2437;;;1;0;0;0;4;
1211;2412|2412;;;1;0;0;0;4;Cisco Systems, Inc|MICROSOFT CORP.|Cisco Systems, Inc
1212;2412|2412;;;1;0;0;0;4;Cisco Systems, Inc|MICROSOFT CORP.|Cisco Systems, Inc
1213;2462|2462;;;1;0;0;0;4;Cisco Systems, Inc|MICROSOFT CORP.|Cisco Systems, Inc
1214;2437|2437|5500|5500;;;1;1;0;0;4;Cisco Systems, Inc|MICROSOFT CORP.|Cisco Systems, Inc
1215;2412|2412|5220|5220;;;1;1;0;0;4;Cisco Systems, Inc|MICROSOFT CORP.|Cisco Systems, Inc
1216;2462|2462;;;1;0;0;0;4;Cisco Systems, Inc|MICROSOFT CORP.|Cisco Systems, Inc
1217;2462|2462;;;1;0;0;0;4;Cisco Systems, Inc|MICROSOFT CORP.|Cisco Systems, Inc
1218;2462|2462;;;1;0;0;0;4;Cisco Systems, Inc|MICROSOFT CORP.|Cisco Systems, Inc
1219;2462|2462;;;1;0;0;0;4;Cisco Systems, Inc|MICROSOFT CORP.|Cisco Systems, Inc
1220;2437|2437|5320|5320;;;1;1;0;0;4;Cisco Systems, Inc|MICROSOFT CORP.|Cisco Systems, Inc
1221;2462|2462;;;1;0;0;0;4;Cisco Systems, Inc|MICROSOFT CORP.|Cisco Systems, Inc
1222;2462|2462|5320|5320;;;1;1;0;0;4;Cisco Systems, Inc|MICROSOFT CORP.|Cisco Systems, Inc
1223;2462|2462;;;1;0;0;0;4;Cisco Systems, Inc|MICROSOFT CORP.|Cisco Systems, Inc
1224;2412|2412;;;1;0;0;0;4;Cisco Systems, Inc|MICROSOFT CORP.|Cisco Systems, Inc
1225;2437|2437;;;1;0;0;0;4;MICROSOFT CORP.|Cisco Systems, Inc|MICROSOFT CORP.
1226;2462|2462;;;1;0;0;0;4;Cisco Systems, Inc|MICROSOFT CORP.
1227;2462|2462|5220|5220;;;1;1;0;0;4;MICROSOFT CORP.|Cisco Systems, Inc|MICROSOFT CORP.
1228;2412|2412|5220|5220;;;1;1;0;0;4;MICROSOFT CORP.|Cisco Systems, Inc|MICROSOFT CORP.
1229;2437|5600|5600;;;1;1;0;0;4;MICROSOFT CORP.|Cisco Systems, Inc|MICROSOFT CORP.
1230;2462|2462;;;1;0;0;0;4;MICROSOFT CORP.|Cisco Systems, Inc|MICROSOFT CORP.
1231;2462|2462;;;1;0;0;0;4;Cisco Systems, Inc|MICROSOFT CORP.
1232;2462|2462|5280|5280;;;1;1;0;0;4;MICROSOFT CORP.|Cisco Systems, Inc|MICROSOFT CORP.
1233;2462|2462|5500|5500;;;1;1;0;0;4;MICROSOFT CORP.|Cisco Systems, Inc|MICROSOFT CORP.
1234;2462|2462|5500|5500;;;1;1;0;0;4;MICROSOFT CORP.|Cisco Systems, Inc|MICROSOFT CORP.
1235;2437|2437|5500|5500;;;1;1;0;0;4;MICROSOFT CORP.|Cisco Systems, Inc|MICROSOFT CORP.
1236;2462;;;1;0;0;0;4;
1237;2412|2412|5180|5180;;;1;1;0;0;4;MICROSOFT CORP.|Cisco Systems, Inc|MICROSOFT CORP.
1238;2462|2462|5180;;;1;1;0;0;4;MICROSOFT CORP.|Cisco Systems, Inc|MICROSOFT CORP.
1239;2462|2462;;;1;0;0;0;4;MICROSOFT CORP.|Cisco Systems, Inc|MICROSOFT CORP.
1240;2462|2462|5500|5500;;;1;1;0;0;4;MICROSOFT CORP.|Cisco Systems, Inc|MICROSOFT CORP.
1241;2462|2462;;;1;0;0;0;4;MICROSOFT CORP.|Cisco Systems, Inc|MICROSOFT CORP.
1242;2412|2412|5280|5280;;;1;1;0;0;4;MICROSOFT CORP.|Cisco Systems, Inc|MICROSOFT CORP.
1243;2437|2437;;;1;0;0;0;4;MICROSOFT CORP.|Cisco Systems, Inc|MICROSOFT CORP.
1244;2462|2462;;;1;0;0;0;4;MICROSOFT CORP.|Cisco Systems, Inc|MICROSOFT CORP.
1245;2412|2412|5620;;;1;1;0;0;4;MICROSOFT CORP.|Cisco Systems, Inc|MICROSOFT CORP.
1246;2462;;;1;0;0;0;4;
1247;2412|2412;;;1;0;0;0;4;MICROSOFT CORP.|Cisco Systems, Inc|MICROSOFT CORP.
1248;2437|2437|5320|5320;;;1;1;0;0;4;MICROSOFT CORP.|Cisco Systems, Inc|MICROSOFT CORP.
1249;2412|2412|5600|5600;;;1;1;0;0;4;MICROSOFT CORP.|Cisco Systems, Inc|MICROSOFT CORP.
1250;2412|2412|5620|5620;;;1;1;0;0;4;MICROSOFT CORP.|Cisco Systems, Inc|MICROSOFT CORP.
1251;2412|2412|5600|5600;;;1;1;0;0;4;MICROSOFT CORP.|Cisco Systems, Inc|MICROSOFT CORP.
1252;2462|2462|5600|5600;;;1;1;0;0;4;MICROSOFT CORP.|Cisco Systems, Inc|MICROSOFT CORP.
1253;5600;;;1;1;0;0;5;
1254;2412|2412|5580|5580;;;1;1;0;0;4;MICROSOFT CORP.|Cisco Systems, Inc|MICROSOFT CORP.
1255;2462|2462|5600|5600;;;1;1;0;0;4;MICROSOFT CORP.|Cisco Systems, Inc|MICROSOFT CORP.
1256;2437|2437|5600|5600;;;1;1;0;0;4;MICROSOFT CORP.|Cisco Systems, Inc|MICROSOFT CORP.
1257;2412|2412|5600;;;1;1;0;0;4;MICROSOFT CORP.|Cisco Systems, Inc|MICROSOFT CORP.
1258;2437|2437;;;1;0;0;0;4;MICROSOFT CORP.|Cisco Systems, Inc|MICROSOFT CORP.
1259;2437|2437|5500|5500;;;1;1;0;0;4;MICROSOFT CORP.|Cisco Systems, Inc|MICROSOFT CORP.
1260;2462|2462;;;1;0;0;0;4;MICROSOFT CORP.|Cisco Systems, Inc|MICROSOFT CORP.
1261;2462;;;1;0;0;0;4;
1262;2437|2437|5220|5220;;;1;1;0;0;4;MICROSOFT CORP.|Cisco Systems, Inc|MICROSOFT CORP.
1263;2412|2412|5180|5180;;;1;1;0;0;4;MICROSOFT CORP.|Cisco Systems, Inc|MICROSOFT CORP.
1264;2462|2462|5600|5600;;;1;1;0;0;4;MICROSOFT CORP.|Cisco Systems, Inc|MICROSOFT CORP.
1265;2437|2437|5500|5500;;;1;1;0;0;4;MICROSOFT CORP.|Cisco Systems, Inc|MICROSOFT CORP.
1266;2437|2437|5600|5600;;;1;1;0;0;4;MICROSOFT CORP.|Cisco Systems, Inc|MICROSOFT CORP.
1267;2412|2412|5500|5500;;;1;1;0;0;4;MICROSOFT CORP.|Cisco Systems, Inc|MICROSOFT CORP.
1268;2437|2437|5500|5500;;;1;1;0;0;4;MICROSOFT CORP.|Cisco Systems, Inc|MICROSOFT CORP.
1269;2437|2437|5320|5320;;;1;1;0;0;4;MICROSOFT CORP.|Cisco Systems, Inc|MICROSOFT CORP.
1270;2412|2412|5500|5620;;;1;1;0;0;4;MICROSOFT CORP.|Cisco Systems, Inc|MICROSOFT CORP.
1271;2412|2412;;;1;0;0;0;4;Cisco Systems, Inc|MICROSOFT CORP.
1272;2462|2462;;;1;0;0;0;4;Cisco Systems, Inc|MICROSOFT CORP.
1273;2462|2462|5500|5500;;;1;1;0;0;4;MICROSOFT CORP.|Cisco Systems, Inc|MICROSOFT CORP.
1274;2412|2412|5180|5180;;;1;1;0;0;4;MICROSOFT CORP.|Cisco Systems, Inc|MICROSOFT CORP.
1275;2462|2462|5180|5180;;;1;1;0;0;4;MICROSOFT CORP.|Cisco Systems, Inc|MICROSOFT CORP.
1276;2412|2412|5280|5280;;;1;1;0;0;4;MICROSOFT CORP.|Cisco Systems, Inc|MICROSOFT CORP.
1277;2412|2412;;;1;0;0;0;4;MICROSOFT CORP.|Cisco Systems, Inc|MICROSOFT CORP.
1278;2412|2412;;;1;0;0;0;4;MICROSOFT CORP.|Cisco Systems, Inc|MICROSOFT CORP.
1279;2462|2462|5620|5520;;;1;1;0;0;4;MICROSOFT CORP.|Cisco Systems, Inc|MICROSOFT CORP.
1280;2462|2462|5500|5500;;;1;1;0;0;4;MICROSOFT CORP.|Cisco Systems, Inc|MICROSOFT CORP.
1281;2412|2412|5180|5180;;;1;1;0;0;4;MICROSOFT CORP.|Cisco Systems, Inc|MICROSOFT CORP.
1282;2412|2412|5620|5620;;;1;1;0;0;4;MICROSOFT CORP.|Cisco Systems, Inc|MICROSOFT CORP.
1283;2437|2437|5320|5320|5520;;;1;1;0;0;4;MICROSOFT CORP.|Cisco Systems, Inc|MICROSOFT CORP.
1284;2462|2462|5280;;;1;1;0;0;4;MICROSOFT CORP.|Cisco Systems, Inc|MICROSOFT CORP.
1285;2412|2412|5600|5600;;;1;1;0;0;4;MICROSOFT CORP.|Cisco Systems, Inc|MICROSOFT CORP.
1286;2437|2437|5280|5280;;;1;1;0;0;4;MICROSOFT CORP.|Cisco Systems, Inc|MICROSOFT CORP.
1287;2437|2437|5620|5620;;;1;1;0;0;4;MICROSOFT CORP.|Cisco Systems, Inc|MICROSOFT CORP.
1288;2462|2462;;;1;0;0;0;4;MICROSOFT CORP.|Cisco Systems, Inc|MICROSOFT CORP.
1289;2462|2462|5620|5620;;;1;1;0;0;4;MICROSOFT CORP.|Cisco Systems, Inc|MICROSOFT CORP.
1290;2412|2412|5280|5280;;;1;1;0;0;4;MICROSOFT CORP.|Cisco Systems, Inc|MICROSOFT CORP.
1291;2437;;;1;0;0;0;4;
1292;2412|2417|2417;;;1;0;0;0;4;MICROSOFT CORP.|MICROSOFT CORP.
1293;2437|2442|2447|2447;;;1;1;1;0;6;TP-LINK TECHNOLOGIES CO.,LTD.|Qualcomm Inc.|MICROSOFT CORP.|Qualcomm Inc.
1294;5240|2412|2417|2422|2427;;;1;1;1;0;6;TP-LINK TECHNOLOGIES CO.,LTD.|Qualcomm Inc.|MICROSOFT CORP.|Qualcomm Inc.
1295;2437;;;1;0;0;0;4;
1296;2437;;;1;0;0;0;4;
1297;2457|2462|2467;;;1;0;0;0;4;MICROSOFT CORP.|Broadcom|MICROSOFT CORP.
1298;2417|2422;;;1;0;0;0;4;MICROSOFT CORP.|MICROSOFT CORP.
1299;2417;;;1;0;0;0;4;
1300;2417|2422|2427;;;1;1;0;0;5;MICROSOFT CORP.|MediaTek Inc.|Ralink Technology, Corp.|MICROSOFT CORP.
1301;2417|2422|2427;;;1;1;0;0;5;MICROSOFT CORP.|MediaTek Inc.|Ralink Technology, Corp.|MICROSOFT CORP.
1302;2462;;;1;0;0;0;4;
1303;2437;;;1;0;0;0;4;
1304;2462;;;1;0;0;0;4;
1305;2437;;;1;0;0;0;4;
1306;2462|2462|5660|5660;;;1;1;0;0;4;MICROSOFT CORP.|Cisco Systems, Inc|MICROSOFT CORP.
1307;2462|2462|5500|5500;;;1;1;0;0;4;MICROSOFT CORP.|Cisco Systems, Inc|MICROSOFT CORP.
1308;2412|2412|5500|5500;;;1;1;0;0;4;MICROSOFT CORP.|Cisco Systems, Inc|MICROSOFT CORP.
1309;2457|2462;;;1;0;0;0;4;
1310;2452|2457|2462;;;1;0;0;0;4;
1311;2457;;;1;0;0;0;4;
1312;2462|2462;;;1;0;1;0;6;MICROSOFT CORP.|MICROSOFT CORP.
1313;5180|5180;;;1;1;1;0;6;MICROSOFT CORP.|MICROSOFT CORP.
1314;2427|2427;;;1;0;0;0;4;TP-Link Corporation Limited|MICROSOFT CORP.|Qualcomm Inc.|MICROSOFT CORP.
1315;2442;;;1;0;0;0;4;
1316;2437;;;1;0;0;0;4;
1317;2412|2417|2422;;;1;0;0;0;4;Atheros Communications, Inc.|MICROSOFT CORP.|MICROSOFT CORP.
1318;2437;;;1;0;0;0;4;
1319;2412;;;1;0;0;0;4;
1320;2462|2462|5500|5500;;;1;1;1;0;6;Cisco Systems, Inc|Cisco Systems, Inc
1321;2462|2462;;;1;0;1;0;6;Cisco Systems, Inc|Cisco Systems, Inc
1322;2412|2412|5500|5500;;;1;1;1;0;6;Cisco Systems, Inc|Cisco Systems, Inc
1323;2437|2437|5220|5220;;;1;1;1;0;6;Cisco Systems, Inc|Cisco Systems, Inc
1324;2412|2412;;;1;0;1;0;6;Cisco Systems, Inc|Cisco Systems, Inc
1325;5500|5500;;;1;1;1;0;6;Cisco Systems, Inc|Cisco Systems, Inc
1326;2462|2462|5500|5500;;;1;1;1;0;6;Cisco Systems, Inc|Cisco Systems, Inc
1327;2462|2462|5500|5500;;;1;1;1;0;6;Cisco Systems, Inc|Cisco Systems, Inc
1328;2437|2437|5180|5180;;;1;1;1;0;6;Cisco Systems, Inc|Cisco Systems, Inc
1329;2437|2437|5280|5280;;;1;1;1;0;6;Cisco Systems, Inc|Cisco Systems, Inc
1330;2437|2437|5220|5220;;;1;1;1;0;6;Cisco Systems, Inc|Cisco Systems, Inc
1331;2462|2462;;;1;0;1;0;6;Cisco Systems, Inc|Cisco Systems, Inc
1332;2412|2412|5320|5320;;;1;1;1;0;6;Cisco Systems, Inc|Cisco Systems, Inc
1333;2437|2437|5320|5320;;;1;1;1;0;6;Cisco Systems, Inc|Cisco Systems, Inc
1334;2437|2437|5220|5220;;;1;1;1;0;6;Cisco Systems, Inc|Cisco Systems, Inc
1335;2412|2412;;;1;0;1;0;6;Cisco Systems, Inc|Cisco Systems, Inc
1336;2437|2437|5660|5660;;;1;1;1;0;6;Cisco Systems, Inc|Cisco Systems, Inc
1337;2412|2412|5180|5180;;;1;1;1;0;6;Cisco Systems, Inc|Cisco Systems, Inc
1338;2412|2412|5500|5500;;;1;1;1;0;6;Cisco Systems, Inc|Cisco Systems, Inc
1339;2462|2462|5660|5660;;;1;1;1;0;6;Cisco Systems, Inc|Cisco Systems, Inc
1340;2412|2412|5500|5500;;;1;1;1;0;6;Cisco Systems, Inc|Cisco Systems, Inc
1341;2437|2437|5320|5320;;;1;1;1;0;6;Cisco Systems, Inc|Cisco Systems, Inc
1342;2412|2412|5660|5660;;;1;1;1;0;6;Cisco Systems, Inc|Cisco Systems, Inc
1343;5660|5660;;;1;1;1;0;6;Cisco Systems, Inc|Cisco Systems, Inc
1344;2412|2412|5220|5220;;;1;1;1;0;6;Cisco Systems, Inc|Cisco Systems, Inc
1345;2412|2412|5320|5320;;;1;1;1;0;6;Cisco Systems, Inc|Cisco Systems, Inc
1346;2462|2462|5320|5320;;;1;1;1;0;6;Cisco Systems, Inc|Cisco Systems, Inc
1347;2462|2462|5320|5320;;;1;1;1;0;6;Cisco Systems, Inc|Cisco Systems, Inc
1348;5320|5320;;;1;1;1;0;6;Cisco Systems, Inc|Cisco Systems, Inc
1349;2462|2462|5320|5320;;;1;1;1;0;6;Cisco Systems, Inc|Cisco Systems, Inc
1350;2437|2437|5660|5660;;;1;1;1;0;6;Cisco Systems, Inc|Cisco Systems, Inc
1351;5500|5500;;;1;1;1;0;6;Cisco Systems, Inc|Cisco Systems, Inc
1352;2412|2412|5320|5320;;;1;1;1;0;6;Cisco Systems, Inc|Cisco Systems, Inc
1353;5500|5500;;;1;1;1;0;6;Cisco Systems, Inc|Cisco Systems, Inc
1354;2437|5660|5660;;;1;1;1;0;6;Cisco Systems, Inc|Cisco Systems, Inc
1355;2412|2412;;;1;0;1;0;6;Cisco Systems, Inc|Cisco Systems, Inc
1356;5320|5320;;;1;1;1;0;6;Cisco Systems, Inc|Cisco Systems, Inc
1357;2462|2462|5660|5660;;;1;1;1;0;6;Cisco Systems, Inc|Cisco Systems, Inc
1358;2462|2462|5660|5660;;;1;1;1;0;6;Cisco Systems, Inc|Cisco Systems, Inc
1359;2412|2412|5500|5500;;;1;1;1;0;6;Cisco Systems, Inc|Cisco Systems, Inc
1360;5500|5500;;;1;1;1;0;6;Cisco Systems, Inc|Cisco Systems, Inc
1361;2437|2437|5500|5500;;;1;1;1;0;6;Cisco Systems, Inc|Cisco Systems, Inc
1362;2412|2412;;;1;0;1;0;6;Cisco Systems, Inc|Cisco Systems, Inc
1363;2437|2437|5500|5500;;;1;1;1;0;6;Cisco Systems, Inc|Cisco Systems, Inc
1364;2437|2437;;;1;0;1;0;6;Cisco Systems, Inc|Cisco Systems, Inc
1365;5500|5500;;;1;1;1;0;6;Cisco Systems, Inc|Cisco Systems, Inc
1366;2412|2412|5660|5660;;;1;1;1;0;6;Cisco Systems, Inc|Cisco Systems, Inc
1367;2437|2437|5320|5320;;;1;1;1;0;6;Cisco Systems, Inc|Cisco Systems, Inc
1368;2437|2437|5320|5320;;;1;1;1;0;6;Cisco Systems, Inc|Cisco Systems, Inc
1369;2437|2437;;;1;0;1;0;6;Cisco Systems, Inc|Cisco Systems, Inc
1370;2437|2437|5220|5220;;;1;1;1;0;6;Cisco Systems, Inc|Cisco Systems, Inc
1371;2437|2437|5500|5500;;;1;1;1;0;6;Cisco Systems, Inc|Cisco Systems, Inc
1372;5500|5500;;;1;1;1;0;6;Cisco Systems, Inc|Cisco Systems, Inc
1373;2447;;;1;0;0;0;4;
1374;2412;;;1;0;0;0;4;
1375;2437;;;1;0;0;0;4;
1376;2437;;;1;0;0;0;4;
1377;5765;;;1;1;0;0;5;
1378;2412|2412;;;1;0;0;0;4;MICROSOFT CORP.|Cisco Systems, Inc|MICROSOFT CORP.
1379;2457|2462|2467|2472;;;0;0;0;0;<4;
1380;2462;;;0;0;0;0;<4;
1381;2462;;;0;0;0;0;<4;
1382;2437;;;1;0;0;0;4;
1383;2462;;;1;0;0;0;4;
1384;2452;;;1;1;1;0;6;
1385;2467|2472|2472|5500;;;1;1;0;0;4;Broadcom|MICROSOFT CORP.|Broadcom
1386;2437|2437;;;1;1;1;0;6;MICROSOFT CORP.|HUAWEI TECHNOLOGIES CO.,LTD|MICROSOFT CORP.
1387;2462|2462;;;1;1;1;0;6;MICROSOFT CORP.|HUAWEI TECHNOLOGIES CO.,LTD|MICROSOFT CORP.
1388;5220|5220;;;1;1;1;0;6;MICROSOFT CORP.|HUAWEI TECHNOLOGIES CO.,LTD|MICROSOFT CORP.
1389;2412|2412;;;1;1;1;0;6;MICROSOFT CORP.|HUAWEI TECHNOLOGIES CO.,LTD|MICROSOFT CORP.
1390;5260|5260;;;1;1;1;0;6;MICROSOFT CORP.|HUAWEI TECHNOLOGIES CO.,LTD|MICROSOFT CORP.
1391;2452|2457|2462;;;1;0;0;0;4;
1392;2412|2417;;;1;0;0;0;4;
1393;2462;;;1;0;0;0;4;
1394;2427|2427;;;1;0;0;0;4;TP-LINK TECHNOLOGIES CO.,LTD.|MICROSOFT CORP.|Qualcomm Inc.|MICROSOFT CORP.
1395;2427|2427;;;1;0;0;0;4;TP-Link Corporation Limited|MICROSOFT CORP.|Qualcomm Inc.|MICROSOFT CORP.
1396;2432|2437|2442;;;1;0;0;0;4;MICROSOFT CORP.|Broadcom|MICROSOFT CORP.
1397;2437|2437;;;1;0;1;0;6;Cisco Systems, Inc|Cisco Systems, Inc
1398;2462|2462|5660|5660;;;1;1;1;0;6;Cisco Systems, Inc|Cisco Systems, Inc
1399;2437|2437|5320|5320;;;1;1;1;0;6;Cisco Systems, Inc|Cisco Systems, Inc
1400;5660|5660;;;1;1;1;0;6;Cisco Systems, Inc|Cisco Systems, Inc
1401;2437|2437|5500|5500;;;1;1;1;0;6;Cisco Systems, Inc|Cisco Systems, Inc
1402;5500|5500;;;1;1;1;0;6;Cisco Systems, Inc|Cisco Systems, Inc
1403;2437|2437;;;1;0;1;0;6;Cisco Systems, Inc|Cisco Systems, Inc
1404;2412;;;1;0;1;0;6;
1405;2437;;;0;0;0;0;<4;
1406;2412|2412|5180|5180;;;1;1;0;0;4;Cisco Systems, Inc|MICROSOFT CORP.|Cisco Systems, Inc
1407;2437|2437|5500|5500;;;1;1;0;0;4;Cisco Systems, Inc|MICROSOFT CORP.|Cisco Systems, Inc
1408;2437;;;1;0;0;0;4;
1409;2462|2462|5500|5500;;;1;1;0;0;4;Cisco Systems, Inc|MICROSOFT CORP.|Cisco Systems, Inc
1410;2412|2412;;;1;0;0;0;4;Cisco Systems, Inc|MICROSOFT CORP.|Cisco Systems, Inc
1411;2412|2412|5320|5320;;;1;1;0;0;4;Cisco Systems, Inc|MICROSOFT CORP.|Cisco Systems, Inc
1412;2412|2412|5500|5500;;;1;1;0;0;4;Cisco Systems, Inc|MICROSOFT CORP.|Cisco Systems, Inc
1413;2437|2437;;;1;0;0;0;4;Cisco Systems, Inc|MICROSOFT CORP.|Cisco Systems, Inc
1414;2462|2462;;;1;0;0;0;4;Cisco Systems, Inc|MICROSOFT CORP.|Cisco Systems, Inc
1415;2412|2412;;;1;0;0;0;4;Cisco Systems, Inc|MICROSOFT CORP.|Cisco Systems, Inc
1416;2462|2462|5560|5560;;;1;1;0;0;4;Cisco Systems, Inc|MICROSOFT CORP.|Cisco Systems, Inc
1417;2437|2437|5180|5180;;;1;1;0;0;4;Cisco Systems, Inc|MICROSOFT CORP.|Cisco Systems, Inc
1418;2462|2462;;;1;0;0;0;4;Cisco Systems, Inc|MICROSOFT CORP.|Cisco Systems, Inc
1419;2437|2437;;;1;0;0;0;4;Cisco Systems, Inc|MICROSOFT CORP.|Cisco Systems, Inc
1420;2412|2412;;;1;0;0;0;4;Cisco Systems, Inc|MICROSOFT CORP.|Cisco Systems, Inc
1421;2462|2462;;;1;0;0;0;4;Cisco Systems, Inc|MICROSOFT CORP.|Cisco Systems, Inc
1422;2412|2412|5260|5260;;;1;1;0;0;4;Cisco Systems, Inc|MICROSOFT CORP.|Cisco Systems, Inc
1423;2462|2462;;;1;0;0;0;4;Cisco Systems, Inc|MICROSOFT CORP.|Cisco Systems, Inc
1424;2437|2437;;;1;0;0;0;4;Cisco Systems, Inc|MICROSOFT CORP.|Cisco Systems, Inc
1425;2462|2462|5540|5540;;;1;1;0;0;4;Cisco Systems, Inc|MICROSOFT CORP.|Cisco Systems, Inc
1426;2437|2437|5320|5320;;;1;1;0;0;4;Cisco Systems, Inc|MICROSOFT CORP.|Cisco Systems, Inc
1427;2462|2462;;;1;0;0;0;4;Cisco Systems, Inc|MICROSOFT CORP.|Cisco Systems, Inc
1428;2462|2462;;;1;0;0;0;4;Cisco Systems, Inc|MICROSOFT CORP.|Cisco Systems, Inc
1429;2412|2412;;;1;0;0;0;4;Cisco Systems, Inc|MICROSOFT CORP.|Cisco Systems, Inc
1430;2462|2462;;;1;0;0;0;4;Cisco Systems, Inc|MICROSOFT CORP.|Cisco Systems, Inc
1431;2412|2412|5560|5560;;;1;1;0;0;4;Cisco Systems, Inc|MICROSOFT CORP.|Cisco Systems, Inc
1432;2412;;;1;0;0;0;4;
1433;2462|2462;;;1;0;0;0;4;Cisco Systems, Inc|MICROSOFT CORP.|Cisco Systems, Inc
1434;2452;;;1;1;0;0;5;
1435;2452;;;1;1;0;0;5;
1436;2437;;;1;0;0;0;4;
1437;2437;;;1;0;0;0;4;
1438;2437;;;1;0;0;0;4;
1439;2457|2462|2467;;;1;0;0;0;4;MICROSOFT CORP.|MICROSOFT CORP.
1440;2452|2457|2462;;;1;0;0;0;4;MICROSOFT CORP.|MICROSOFT CORP.
1441;2412;;;1;0;0;0;4;
1442;2412|2412;;;1;1;1;0;6;MICROSOFT CORP.|HUAWEI TECHNOLOGIES CO.,LTD|MICROSOFT CORP.
1443;5540|5540;;;1;1;1;0;6;MICROSOFT CORP.|HUAWEI TECHNOLOGIES CO.,LTD|MICROSOFT CORP.
1444;2437|2437;;;1;1;1;0;6;MICROSOFT CORP.|HUAWEI TECHNOLOGIES CO.,LTD|MICROSOFT CORP.
1445;2427;;;1;1;0;0;5;
1446;2437;;;1;0;0;0;4;
1447;2462|2462;;;1;0;0;0;4;MICROSOFT CORP.|Cisco Systems, Inc|MICROSOFT CORP.
1448;2462|2462;;;1;0;0;0;4;MICROSOFT CORP.
1449;2432|2437|2442;;;1;1;0;0;5;MICROSOFT CORP.|MICROSOFT CORP.
1450;2432|2437|2442|2442;;;1;0;0;0;4;MICROSOFT CORP.|Broadcom|MICROSOFT CORP.
1451;2457|2462|2467;;;1;0;0;0;4;MICROSOFT CORP.|Samsung Electronics Co.,Ltd|MICROSOFT CORP.
1452;2437;;;1;0;0;0;4;
1453;2422;;;0;0;0;0;<4;
1454;2457|2462|2467;;;1;0;0;0;4;MICROSOFT CORP.|MICROSOFT CORP.
1455;2457|2462|2467;;;1;0;0;0;4;MediaTek Inc.|Ralink Technology, Corp.|MICROSOFT CORP.|MICROSOFT CORP.
1456;2462|2462;;;1;0;0;0;4;Qualcomm Inc.|Atheros Communications, Inc.|MICROSOFT CORP.
1457;2412;;;1;0;0;0;4;
1458;2457|2462|2467;;;1;0;0;0;4;MICROSOFT CORP.|Atheros Communications, Inc.|Epigram, Inc.|MICROSOFT CORP.
1459;2427|2432;;;1;0;0;0;4;Atheros Communications, Inc.|MICROSOFT CORP.|MICROSOFT CORP.
1460;2412|2417|2417|2422|5240;;;1;0;0;0;4;MICROSOFT CORP.|MICROSOFT CORP.
1461;2417|2422|2427;;;1;1;1;0;6;TP-LINK TECHNOLOGIES CO.,LTD.|Qualcomm Inc.|MICROSOFT CORP.|Qualcomm Inc.
1462;2412|2417;;;1;0;0;0;4;Broadcom|Apple, Inc.|Apple, Inc.|Apple, Inc.
1463;2452|2457|2462;;;1;0;0;0;4;MediaTek Inc.|Ralink Technology, Corp.|MICROSOFT CORP.|MICROSOFT CORP.
1464;2437;;;1;0;0;0;4;
1465;2437;;;1;0;0;0;4;
1466;2432|2437|2442|5320|5320;;;1;1;0;0;4;Epigram, Inc.|MICROSOFT CORP.|Broadcom|MICROSOFT CORP.
1467;2462|2462;;;1;0;0;0;4;
1468;2462|2462|5580|5580;;;1;1;0;0;4;Cisco Systems, Inc|MICROSOFT CORP.|Cisco Systems, Inc
1469;2437|5700|5700;;;1;1;0;0;4;Cisco Systems, Inc|MICROSOFT CORP.|Cisco Systems, Inc
1470;2412|2412|5320|5320;;;1;1;0;0;4;Cisco Systems, Inc|MICROSOFT CORP.|Cisco Systems, Inc
1471;2412|2417;;;1;0;0;0;4;MICROSOFT CORP.
1472;2432|2437|2427|5180|5180;;;1;1;0;0;4;MICROSOFT CORP.|HUAWEI TECHNOLOGIES CO.,LTD|MICROSOFT CORP.
1473;2427|2427|5200|5200;;;1;1;0;0;4;HUAWEI TECHNOLOGIES CO.,LTD|MICROSOFT CORP.|MICROSOFT CORP.
1474;2437;;;1;0;0;0;4;
1475;2462|2467;;;1;0;0;0;4;MICROSOFT CORP.|MICROSOFT CORP.
1476;5660;;;1;1;0;0;5;
1477;2437|5500;;;1;1;0;0;4;MICROSOFT CORP.
1478;2437|5260;;;1;1;0;0;4;MICROSOFT CORP.
1479;2437|5500;;;1;1;0;0;4;MICROSOFT CORP.
1480;5260;;;1;1;0;0;5;
1481;2437|2442;;;1;0;0;0;4;Broadcom|Apple, Inc.|Apple, Inc.
1482;2462;;;1;1;0;0;5;
1483;2432|2437|2442;;;1;1;0;0;5;MICROSOFT CORP.|Qualcomm Inc.|MICROSOFT CORP.
1484;5500|5500;;;1;1;0;0;5;Epigram, Inc.|MICROSOFT CORP.|Broadcom|Epigram, Inc.
1485;2462|2462;;;1;0;1;0;6;Cisco Systems, Inc|Cisco Systems, Inc
1486;2412|2417;;;1;1;0;0;5;MICROSOFT CORP.
1487;2462;;;1;0;0;0;4;
1488;5240|2412|2417|2422;;;1;1;0;0;5;MediaTek Inc.|Ralink Technology, Corp.|MICROSOFT CORP.|MICROSOFT CORP.
1489;2412;;;1;0;0;0;4;
1490;5180;;;1;1;0;0;5;
1491;2412|2417|2422;;;1;0;0;0;4;MICROSOFT CORP.|MediaTek Inc.|Ralink Technology, Corp.|MICROSOFT CORP.
1492;2412;;;1;0;0;0;4;
1493;2457|2462|2467;;;1;0;0;0;4;Broadcom|MICROSOFT CORP.|Broadcom
1494;2412;;;1;0;0;0;4;
1495;2457|2462|2467;;;1;0;0;0;4;Broadcom|MICROSOFT CORP.|Broadcom
1496;2432|2437|2442|2442;;;1;0;1;0;6;MICROSOFT CORP.|MICROSOFT CORP.
1497;5260|5260;;;1;1;1;0;6;MICROSOFT CORP.
1498;2437;;;1;0;0;0;4;
1499;2412;;;1;0;0;0;4;
1500;5805;;;1;1;1;0;6;
1501;5500;;;1;1;0;0;5;
1502;2462|2462;;;1;0;1;0;6;MICROSOFT CORP.|MICROSOFT CORP.
1503;5560|5560;;;1;1;1;0;6;MICROSOFT CORP.|MICROSOFT CORP.
1504;2437|2437;;;1;0;1;0;6;MICROSOFT CORP.|MICROSOFT CORP.
1505;5260|5260;;;1;1;1;0;6;MICROSOFT CORP.|MICROSOFT CORP.
1506;5240|5240;;;1;1;1;0;6;MICROSOFT CORP.|MICROSOFT CORP.
1507;2437;;;1;0;0;0;4;
1508;2457|2462|2467|5500|5500;;;1;1;0;0;4;Epigram, Inc.|MICROSOFT CORP.|Broadcom|MICROSOFT CORP.
1509;2432;;;1;0;0;0;4;
1510;2452|2457|2462|2467|5180;;;1;1;1;0;6;Qualcomm Inc.|HUAWEI TECHNOLOGIES CO.,LTD|MICROSOFT CORP.|Qualcomm Inc.
1511;2412|2412;;;1;0;0;0;4;Cisco Systems, Inc|MICROSOFT CORP.|Cisco Systems, Inc
1512;2437|2432|2432;;;1;0;0;0;4;Cisco Systems, Inc|MICROSOFT CORP.|Cisco Systems, Inc
1513;2462|2462;;;1;0;1;0;6;MICROSOFT CORP.|MICROSOFT CORP.
1514;5580|5580;;;1;1;1;0;6;MICROSOFT CORP.|MICROSOFT CORP.
1515;5260;;;1;1;0;0;5;
1516;2437;;;1;0;0;0;4;
1517;5220;;;1;1;1;0;6;
1518;2462;;;1;0;0;0;4;
1519;2457|2462|2467|5200;;;1;1;0;0;4;MARVELL SEMICONDUCTOR, INC.|Epigram, Inc.|MICROSOFT CORP.|MICROSOFT CORP.
1520;2432|2437|2442|2447;;;0;0;0;0;<4;MICROSOFT CORP.|Atheros Communications, Inc.|MICROSOFT CORP.
1521;2412|2417;;;1;0;0;0;4;Broadcom|MICROSOFT CORP.
1522;2427|2432;;;1;0;0;0;4;Epigram, Inc.|MICROSOFT CORP.|MICROSOFT CORP.
1523;2427|2432|2437;;;1;0;0;0;4;Epigram, Inc.|MICROSOFT CORP.|MICROSOFT CORP.
1524;2437;;;1;0;0;0;4;
1525;2412|2412|5700|5700;;;1;1;1;0;6;MICROSOFT CORP.|Cisco Systems, Inc|Cisco Systems, Inc
1526;2457|2462|2467;;;1;0;0;0;4;MICROSOFT CORP.|MICROSOFT CORP.
1527;2437|2442;;;1;0;0;0;4;MICROSOFT CORP.
1528;5580|5580;;;1;1;0;0;5;MICROSOFT CORP.|MICROSOFT CORP.
1529;5180;;;1;1;0;0;5;
1530;2462|2462|2467|2467|5500|5500;;;1;0;0;0;4;Cisco Systems, Inc|MICROSOFT CORP.|Cisco Systems, Inc
1531;2412|2417|2417|5260|5260;;;1;0;0;0;4;Cisco Systems, Inc|MICROSOFT CORP.|Cisco Systems, Inc
1532;2437|2437;;;1;1;1;0;6;MICROSOFT CORP.|Cisco Systems, Inc|Cisco Meraki|MICROSOFT CORP.
1533;2412|2412;;;1;1;1;0;6;MICROSOFT CORP.|Cisco Systems, Inc|Cisco Meraki|MICROSOFT CORP.
1534;2462|2462;;;1;1;1;0;6;MICROSOFT CORP.|Cisco Systems, Inc|Cisco Meraki|MICROSOFT CORP.
1535;5220|5220;;;1;1;1;0;6;MICROSOFT CORP.|Cisco Systems, Inc|Cisco Meraki|MICROSOFT CORP.
1536;5240|5240;;;1;1;1;0;6;MICROSOFT CORP.|Cisco Systems, Inc|Cisco Meraki|MICROSOFT CORP.
1537;5200|5200;;;1;1;1;0;6;MICROSOFT CORP.|Cisco Systems, Inc|Cisco Meraki|MICROSOFT CORP.
1538;2432|2437|2442;;;1;0;1;0;6;Qualcomm Inc.|HUAWEI TECHNOLOGIES CO.,LTD|MICROSOFT CORP.|Qualcomm Inc.
1539;5180;;;1;1;1;0;6;
1540;2412|2412;;;1;1;1;0;6;MICROSOFT CORP.|Cisco Systems, Inc|Cisco Meraki|MICROSOFT CORP.
1541;5180|5180;;;1;1;1;0;6;MICROSOFT CORP.|Cisco Systems, Inc|Cisco Meraki|MICROSOFT CORP.
1542;5200;;;1;1;0;0;5;
1543;5180|5180;;;1;1;0;0;5;Broadcom|Epigram, Inc.|Cisco Meraki
1544;2457|2462|2467;;;1;0;0;0;4;Cisco Meraki|Broadcom|Cisco Systems, Inc|Cisco Meraki
1545;2462|2467;;;1;0;1;0;6;Broadcom|Apple, Inc.|Apple, Inc.
1546;2457|2462|2467;;;1;1;0;0;5;
1547;5500;;;1;1;1;0;6;
1548;2437;;;1;0;0;0;4;
1549;2457|2462;;;1;0;0;0;4;MediaTek Inc.|Ralink Technology, Corp.|MICROSOFT CORP.|MICROSOFT CORP.
1550;2437;;;0;0;0;0;<4;
1551;2462|2467|2457;;;0;0;0;0;<4;MICROSOFT CORP.|MICROSOFT CORP.
1552;5560|5560;;;1;1;0;0;5;MICROSOFT CORP.|MICROSOFT CORP.
1553;2412|2417|2417;;;0;0;0;0;<4;MICROSOFT CORP.|MICROSOFT CORP.
1554;5600|5600;;;1;1;0;0;5;MICROSOFT CORP.|MICROSOFT CORP.
1555;5320|5320;;;1;1;0;0;5;MICROSOFT CORP.|MICROSOFT CORP.
1556;2432|2437|2442|2442|2447;;;0;0;0;0;<4;MICROSOFT CORP.|MICROSOFT CORP.
1557;5300|5300;;;1;1;0;0;5;MICROSOFT CORP.|MICROSOFT CORP.
1558;5660|5660;;;1;1;0;0;5;Epigram, Inc.|MICROSOFT CORP.|Broadcom|Epigram, Inc.
1559;2412|2412;;;1;0;0;0;4;Broadcom|MICROSOFT CORP.|Broadcom
1560;5260|5260;;;1;1;0;0;5;Epigram, Inc.|MICROSOFT CORP.|Broadcom|Epigram, Inc.
1561;2462|2462;;;1;0;0;0;4;Broadcom|MICROSOFT CORP.|Broadcom
1562;5620|5620;;;1;1;0;0;5;Epigram, Inc.|MICROSOFT CORP.|Broadcom|Epigram, Inc.
1563;2437|2437;;;1;0;0;0;4;Broadcom|MICROSOFT CORP.|Broadcom
1564;5220;;;1;1;0;0;5;
1565;2432|2437;;;1;1;0;0;5;MICROSOFT CORP.
